{"accessPoints":{"AP_Stage2_1":{"goodUsers":1,"badUsers":12,"avgRssi":-62.46752747252746},"AP_Stage3_1":{"goodUsers":2,"badUsers":5,"avgRssi":-58.70801282051281},"AP_MainEvent_8":{"goodUsers":15,"badUsers":40,"avgRssi":-56.944321288461126},"AP_MainEvent_6":{"goodUsers":8,"badUsers":59,"avgRssi":-50.61546155819875},"AP_MainEvent_2":{"goodUsers":0,"badUsers":22,"avgRssi":-52.702735042735156},"AP_Entrada":{"goodUsers":0,"badUsers":13,"avgRssi":-69.45851648351658},"AP_Stage3_2":{"goodUsers":1,"badUsers":3,"avgRssi":-37.56346153846154},"AP_MainEvent_3":{"goodUsers":26,"badUsers":71,"avgRssi":-48.723943461382625},"AP_Esplanada":{"goodUsers":1,"badUsers":49,"avgRssi":-71.5786048609458},"AP_MainEvent_7":{"goodUsers":1,"badUsers":24,"avgRssi":-54.876721635579365},"AP_Stage4_2":{"goodUsers":0,"badUsers":0,"avgRssi":0.0},"AP_Producao":{"goodUsers":0,"badUsers":6,"avgRssi":-39.88589743589745},"AP_MainEvent_10":{"goodUsers":17,"badUsers":36,"avgRssi":-54.47155511550009},"AP_MainEvent_4":{"goodUsers":13,"badUsers":62,"avgRssi":-55.01380062474474},"AP_Stage2_2":{"goodUsers":0,"badUsers":15,"avgRssi":-69.13882783882786},"AP_Zona_Passagem":{"goodUsers":0,"badUsers":0,"avgRssi":0.0},"AP_Betai":{"goodUsers":0,"badUsers":0,"avgRssi":0.0},"AP_Workshop":{"goodUsers":1,"badUsers":17,"avgRssi":-52.51606837606849},"AP_MainEvent_5":{"goodUsers":3,"badUsers":25,"avgRssi":-52.73055396966008},"AP_Stage4_1":{"goodUsers":1,"badUsers":18,"avgRssi":-64.18290152155538},"AP_MainEvent_1":{"goodUsers":9,"badUsers":43,"avgRssi":-54.743076295284986},"AP_MainEvent_9":{"goodUsers":6,"badUsers":29,"avgRssi":-44.214507212178816}},"talks":{"Bright Pixel Stage":{"name":"Code in the dark","numAtendees":519,"timeSeries":[169,172,175,185,183,193,189,188,198,190,149,158,149,146,148,155,152,168,166,184,178,174,178,180,173,173,173,172,175,175,131,132,136,130,130,129,129,129,128,128,144,138,139,151,151,155,153,149,149,155,117,116,127,126,128,120,120,128,124,123,123,123,123,122,122,121,125,136,134,131,88,92,107,110,105,109,109,108,116,116,116,116,116,116,116,125,131,136,140,138,95,95,95,95,95,96,96,96,97,104,104,104,104,104,104,104,112,110,110,110,53,53,65,59,59,59,59,59,59,59]}}}