{"accessPoints":{"AP_Stage2_1":{"goodUsers":0,"badUsers":5,"avgRssi":-33.038590604026844},"AP_Stage3_1":{"goodUsers":0,"badUsers":4,"avgRssi":-36.65771812080537},"AP_MainEvent_8":{"goodUsers":2,"badUsers":26,"avgRssi":-49.987388143176695},"AP_MainEvent_6":{"goodUsers":3,"badUsers":16,"avgRssi":-45.59472250344736},"AP_MainEvent_2":{"goodUsers":0,"badUsers":12,"avgRssi":-56.07007829977617},"AP_Entrada":{"goodUsers":0,"badUsers":5,"avgRssi":-43.65234899328862},"AP_Stage3_2":{"goodUsers":0,"badUsers":4,"avgRssi":-57.09899328859064},"AP_MainEvent_3":{"goodUsers":2,"badUsers":24,"avgRssi":-47.13616703952278},"AP_Esplanada":{"goodUsers":0,"badUsers":13,"avgRssi":-59.01716336422699},"AP_MainEvent_7":{"goodUsers":0,"badUsers":2,"avgRssi":-15.734899328859061},"AP_Stage4_2":{"goodUsers":0,"badUsers":0,"avgRssi":0.0},"AP_Producao":{"goodUsers":0,"badUsers":2,"avgRssi":-42.45973154362416},"AP_MainEvent_10":{"goodUsers":2,"badUsers":25,"avgRssi":-46.54742981615113},"AP_MainEvent_4":{"goodUsers":5,"badUsers":21,"avgRssi":-47.69405594405592},"AP_Stage2_2":{"goodUsers":0,"badUsers":10,"avgRssi":-54.70581655480983},"AP_Zona_Passagem":{"goodUsers":0,"badUsers":0,"avgRssi":0.0},"AP_Betai":{"goodUsers":0,"badUsers":0,"avgRssi":0.0},"AP_Workshop":{"goodUsers":0,"badUsers":2,"avgRssi":-7.5855704697986575},"AP_MainEvent_5":{"goodUsers":0,"badUsers":7,"avgRssi":-51.96420581655478},"AP_Stage4_1":{"goodUsers":0,"badUsers":2,"avgRssi":-17.99496644295302},"AP_MainEvent_1":{"goodUsers":0,"badUsers":11,"avgRssi":-49.00223713646533},"AP_MainEvent_9":{"goodUsers":1,"badUsers":4,"avgRssi":-33.216442953020184}},"talks":{"Bright Pixel Stage":{"name":"Building Advanced Bots","numAtendees":81,"timeSeries":[0,0,0,0,0,0,0,0,0,17,17,17,17,17,17,17,17,27,27,27,27,44,44,44,44,44,44,44,44,44,31,32,32,32,32,32,32,32,32,32,32,42,41,41,41,47,47,48,48,48,22,22,22,21,21,21,21,33,33,34]},"Segfault Stage":{"name":"Kubernetes in the cloud","numAtendees":2,"timeSeries":[0,0,0,0,0,0,0,0,0,0,0,0,0,0,0,0,0,0,0,0,0,0,0,0,0,0,0,0,0,0,0,0,0,0,0,0,0,0,0,0,0,0,0,0,0,2,2,2,2,2,2,2,2,2,2,2,2,2,2,2]},"Workshops":{"name":"Going BIG with Pandas","numAtendees":11,"timeSeries":[0,0,0,0,0,0,0,0,0,0,0,0,0,0,0,0,0,0,0,0,0,0,0,0,0,0,0,0,0,0,0,0,0,0,0,0,0,0,0,0,0,0,0,0,0,0,0,0,0,0,0,0,0,0,0,0,0,0,0,0,0,0,0,0,0,0,0,0,0,3,2,2,2,2,2,2,2,5,5,5,5,5,5,5,5,5,5,5,5,6,5,5,5,5,5,5,5,5,5,5,5,7,7,7,7,8,8,8,8,8,5,5,5,5,5,5,5,5,5,5]},"Beta-i Stage":{"name":"TensorFlow and things","numAtendees":8,"timeSeries":[0,0,0,0,0,0,0,0,0,1,1,1,1,1,1,1,1,4,4,4,4,4,4,4,4,4,4,5,5,5,4,4,4,4,4,4,4,4,4,4,4,5,5,5,5,6,6,6,6,6,3,3,3,3,3,3,3,3,3,3]},"NOS Stage":{"name":"Purpose of programming and the Clojure Nirvana","numAtendees":50,"timeSeries":[0,0,0,0,0,0,0,0,0,10,10,10,10,10,10,9,9,15,15,15,15,24,24,24,24,24,24,24,24,25,17,17,17,17,17,17,17,17,17,17,17,24,24,24,24,30,30,30,29,29,15,15,15,15,15,15,15,22,22,22]}}}