{"accessPoints":{"AP_Stage2_1":{"goodUsers":1,"badUsers":21,"avgRssi":-76.3444444444445},"AP_Stage3_1":{"goodUsers":3,"badUsers":13,"avgRssi":-52.60511651469106},"AP_MainEvent_8":{"goodUsers":101,"badUsers":152,"avgRssi":-56.17851461212391},"AP_MainEvent_6":{"goodUsers":56,"badUsers":64,"avgRssi":-51.76209991999269},"AP_MainEvent_2":{"goodUsers":19,"badUsers":47,"avgRssi":-61.14133091940509},"AP_Entrada":{"goodUsers":12,"badUsers":21,"avgRssi":-67.61786323408671},"AP_Stage3_2":{"goodUsers":2,"badUsers":6,"avgRssi":-41.802304964539},"AP_MainEvent_3":{"goodUsers":110,"badUsers":115,"avgRssi":-53.794048363850344},"AP_Esplanada":{"goodUsers":19,"badUsers":80,"avgRssi":-69.70964786057638},"AP_MainEvent_7":{"goodUsers":22,"badUsers":43,"avgRssi":-57.51479192865505},"AP_Stage4_2":{"goodUsers":0,"badUsers":0,"avgRssi":0.0},"AP_Producao":{"goodUsers":65,"badUsers":102,"avgRssi":-56.86909636855654},"AP_MainEvent_10":{"goodUsers":100,"badUsers":116,"avgRssi":-56.117473078893795},"AP_MainEvent_4":{"goodUsers":105,"badUsers":117,"avgRssi":-54.64246936462721},"AP_Stage2_2":{"goodUsers":9,"badUsers":59,"avgRssi":-74.23285306223455},"AP_Zona_Passagem":{"goodUsers":0,"badUsers":0,"avgRssi":0.0},"AP_Betai":{"goodUsers":0,"badUsers":0,"avgRssi":0.0},"AP_Workshop":{"goodUsers":13,"badUsers":23,"avgRssi":-61.21390824883351},"AP_MainEvent_5":{"goodUsers":13,"badUsers":42,"avgRssi":-60.877310393446876},"AP_Stage4_1":{"goodUsers":1,"badUsers":17,"avgRssi":-74.56012389750657},"AP_MainEvent_1":{"goodUsers":66,"badUsers":105,"avgRssi":-55.43536632005659},"AP_MainEvent_9":{"goodUsers":39,"badUsers":85,"avgRssi":-60.647731597455895}},"talks":{"Bright Pixel Stage":{"name":"Quiz Show","numAtendees":802,"timeSeries":[185,185,195,201,198,204,205,204,207,222,192,181,201,187,197,188,207,200,211,203,242,229,231,231,245,242,239,224,233,247,196,215,205,211,206,232,224,233,236,244,264,242,244,249,254,260,265,259,273,263,227,210,228,224,228,233,245,265,256,268]}}}