{"accessPoints":{"AP_Stage2_1":{"goodUsers":5,"badUsers":39,"avgRssi":-57.818017795170086},"AP_Stage3_1":{"goodUsers":5,"badUsers":18,"avgRssi":-49.631230960397694},"AP_MainEvent_8":{"goodUsers":41,"badUsers":113,"avgRssi":-54.03991258790289},"AP_MainEvent_6":{"goodUsers":19,"badUsers":50,"avgRssi":-53.95971781017903},"AP_MainEvent_2":{"goodUsers":3,"badUsers":22,"avgRssi":-48.48619015051318},"AP_Entrada":{"goodUsers":2,"badUsers":18,"avgRssi":-65.8813533399472},"AP_Stage3_2":{"goodUsers":1,"badUsers":11,"avgRssi":-57.889880952380864},"AP_MainEvent_3":{"goodUsers":43,"badUsers":68,"avgRssi":-53.77131704927663},"AP_Esplanada":{"goodUsers":2,"badUsers":108,"avgRssi":-77.73394105434369},"AP_MainEvent_7":{"goodUsers":13,"badUsers":28,"avgRssi":-55.77384308399938},"AP_Stage4_2":{"goodUsers":0,"badUsers":0,"avgRssi":0.0},"AP_Producao":{"goodUsers":32,"badUsers":46,"avgRssi":-55.61461671414568},"AP_MainEvent_10":{"goodUsers":24,"badUsers":77,"avgRssi":-57.69772627584544},"AP_MainEvent_4":{"goodUsers":36,"badUsers":77,"avgRssi":-57.77862906754644},"AP_Stage2_2":{"goodUsers":13,"badUsers":104,"avgRssi":-77.20020352329641},"AP_Zona_Passagem":{"goodUsers":0,"badUsers":0,"avgRssi":0.0},"AP_Betai":{"goodUsers":0,"badUsers":0,"avgRssi":0.0},"AP_Workshop":{"goodUsers":8,"badUsers":26,"avgRssi":-46.9054966389956},"AP_MainEvent_5":{"goodUsers":8,"badUsers":32,"avgRssi":-58.73777239997493},"AP_Stage4_1":{"goodUsers":2,"badUsers":28,"avgRssi":-55.50921980218854},"AP_MainEvent_1":{"goodUsers":14,"badUsers":47,"avgRssi":-53.49614683647334},"AP_MainEvent_9":{"goodUsers":8,"badUsers":57,"avgRssi":-58.92007000418649}},"talks":{"Bright Pixel Stage":{"name":"Load Test all the things","numAtendees":363,"timeSeries":[107,103,105,102,106,110,111,108,118,127,102,93,99,98,102,101,99,100,102,101,104,108,106,113,115,122,126,125,122,121,104,108,107,110,107,107,111,117,119,122,130,140,136,143,137,138,138,138,151,142,114,125,122,127,130,130,139,140,145,140]},"Segfault Stage":{"name":"Cloud Functions & Machine Learning APIs","numAtendees":30,"timeSeries":[9,8,9,8,11,10,9,9,9,9,4,3,3,3,3,3,3,3,3,4,5,5,5,6,6,6,5,6,6,6,4,5,5,5,6,6,7,6,6,7,7,7,7,7,7,7,7,7,8,8,7,7,8,8,8,8,8,8,11,11]},"Workshops":{"name":"PiHeadquarters or How to Take Control of your House with Raspberry Pi and Docker","numAtendees":152,"timeSeries":[29,31,32,31,31,37,36,35,36,34,36,34,37,37,39,42,41,41,45,46,45,48,45,49,51,56,59,61,63,64,52,56,53,57,64,64,63,66,63,60,56,59,58,58,57,54,54,54,60,57,39,46,43,44,45,47,49,49,54,51]},"Beta-i Stage":{"name":"Harness the power of Static sites","numAtendees":35,"timeSeries":[13,14,14,13,11,13,13,13,13,13,11,11,11,11,11,11,11,11,11,12,13,13,13,13,13,13,13,13,12,12,8,8,10,12,13,13,13,13,12,12,14,16,15,16,16,15,15,15,16,16,13,15,16,15,15,15,14,14,15,13]},"NOS Stage":{"name":"Privacy and Security in IoT","numAtendees":376,"timeSeries":[109,105,108,106,107,102,97,96,107,106,87,82,87,84,88,86,88,96,99,105,102,107,102,115,112,120,125,126,121,124,94,103,107,113,112,113,112,122,124,123,122,129,120,129,129,126,127,127,148,142,103,124,129,128,126,129,134,131,136,132]}}}