{"accessPoints":{"AP_Stage2_1":{"goodUsers":2,"badUsers":28,"avgRssi":-69.54689491794764},"AP_Stage3_1":{"goodUsers":6,"badUsers":16,"avgRssi":-55.197712229291184},"AP_MainEvent_8":{"goodUsers":68,"badUsers":132,"avgRssi":-50.620961694101034},"AP_MainEvent_6":{"goodUsers":41,"badUsers":64,"avgRssi":-53.7276106869655},"AP_MainEvent_2":{"goodUsers":29,"badUsers":56,"avgRssi":-60.746351818413345},"AP_Entrada":{"goodUsers":7,"badUsers":23,"avgRssi":-67.70318993871616},"AP_Stage3_2":{"goodUsers":5,"badUsers":7,"avgRssi":-58.5793425872372},"AP_MainEvent_3":{"goodUsers":84,"badUsers":123,"avgRssi":-53.73291701148622},"AP_Esplanada":{"goodUsers":11,"badUsers":75,"avgRssi":-71.5771085885337},"AP_MainEvent_7":{"goodUsers":15,"badUsers":43,"avgRssi":-61.35303545585168},"AP_Stage4_2":{"goodUsers":0,"badUsers":0,"avgRssi":0.0},"AP_Producao":{"goodUsers":53,"badUsers":116,"avgRssi":-52.54499786033508},"AP_MainEvent_10":{"goodUsers":58,"badUsers":91,"avgRssi":-53.18547166602678},"AP_MainEvent_4":{"goodUsers":71,"badUsers":130,"avgRssi":-56.254525293244384},"AP_Stage2_2":{"goodUsers":9,"badUsers":73,"avgRssi":-75.21117218561129},"AP_Zona_Passagem":{"goodUsers":0,"badUsers":0,"avgRssi":0.0},"AP_Betai":{"goodUsers":0,"badUsers":0,"avgRssi":0.0},"AP_Workshop":{"goodUsers":7,"badUsers":25,"avgRssi":-54.56650664809222},"AP_MainEvent_5":{"goodUsers":13,"badUsers":70,"avgRssi":-52.35961283777987},"AP_Stage4_1":{"goodUsers":6,"badUsers":39,"avgRssi":-67.02956520921836},"AP_MainEvent_1":{"goodUsers":30,"badUsers":59,"avgRssi":-41.0032246990356},"AP_MainEvent_9":{"goodUsers":24,"badUsers":67,"avgRssi":-56.8373321420283}},"talks":{"Bright Pixel Stage":{"name":"Dragon's Breath","numAtendees":621,"timeSeries":[107,107,107,107,114,111,112,118,127,123,103,125,115,115,130,127,145,137,152,158,153,168,180,186,189,193,216,203,200,231,194,187,194,194,199,191,208,198,204,198,204,197,193,201,207,209,209,222,211,220,163,163,167,168,188,185,179,175,175,183]},"NOS Stage":{"name":"Intro to Neo4j, Graph Databases and MeshApp use case","numAtendees":400,"timeSeries":[90,90,90,90,99,95,96,96,101,99,76,103,97,98,103,100,104,98,100,100,96,105,116,118,121,124,125,120,121,128,85,79,85,86,93,88,97,92,101,110,109,105,102,108,119,124,125,132,120,130,102,98,98,92,99,97,105,114,109,110]}}}