{"accessPoints":{"AP_Stage2_1":{"goodUsers":1,"badUsers":23,"avgRssi":-81.77305720899476},"AP_Stage3_1":{"goodUsers":0,"badUsers":6,"avgRssi":-55.17592592592601},"AP_MainEvent_8":{"goodUsers":52,"badUsers":106,"avgRssi":-52.40594519466703},"AP_MainEvent_6":{"goodUsers":27,"badUsers":40,"avgRssi":-53.88057257047585},"AP_MainEvent_2":{"goodUsers":18,"badUsers":40,"avgRssi":-56.0320527582851},"AP_Entrada":{"goodUsers":0,"badUsers":21,"avgRssi":-75.1038884630032},"AP_Stage3_2":{"goodUsers":0,"badUsers":2,"avgRssi":-38.177083333333336},"AP_MainEvent_3":{"goodUsers":60,"badUsers":111,"avgRssi":-51.996318291736664},"AP_Esplanada":{"goodUsers":5,"badUsers":40,"avgRssi":-69.07231329252602},"AP_MainEvent_7":{"goodUsers":10,"badUsers":21,"avgRssi":-57.42785440832316},"AP_Stage4_2":{"goodUsers":0,"badUsers":0,"avgRssi":0.0},"AP_Producao":{"goodUsers":32,"badUsers":88,"avgRssi":-52.37068566569874},"AP_MainEvent_10":{"goodUsers":73,"badUsers":107,"avgRssi":-55.681766645682124},"AP_MainEvent_4":{"goodUsers":40,"badUsers":88,"avgRssi":-54.72102163447394},"AP_Stage2_2":{"goodUsers":6,"badUsers":75,"avgRssi":-78.08920679685535},"AP_Zona_Passagem":{"goodUsers":0,"badUsers":0,"avgRssi":0.0},"AP_Betai":{"goodUsers":0,"badUsers":0,"avgRssi":0.0},"AP_Workshop":{"goodUsers":1,"badUsers":14,"avgRssi":-62.557738095238115},"AP_MainEvent_5":{"goodUsers":5,"badUsers":25,"avgRssi":-59.762829983490064},"AP_Stage4_1":{"goodUsers":0,"badUsers":0,"avgRssi":0.0},"AP_MainEvent_1":{"goodUsers":53,"badUsers":129,"avgRssi":-50.65843301196911},"AP_MainEvent_9":{"goodUsers":37,"badUsers":95,"avgRssi":-60.58868981879328}},"talks":{"Bright Pixel Stage":{"name":"Final Projects Presentations","numAtendees":1323,"timeSeries":[232,242,244,249,244,249,240,248,252,246,195,197,188,188,187,193,197,194,195,194,216,205,211,220,217,216,226,232,231,231,148,159,170,174,171,169,169,199,196,207,224,216,211,232,229,233,255,243,241,259,230,219,233,258,261,282,295,294,294,306,304,311,320,327,318,317,331,350,349,347,298,307,327,326,334,330,326,337,339,365,348,340,339,354,356,360,343,346,346,346,258,259,266,269,274,287,324,301,299,300,301,320,322,313,316,313,330,335,348,359,249,249,258,267,269,262,279,282,285,277,284,290,308,312,304,309,317,353,335,340,281,262,256,255,254,282,293,291,292,301,309,297,313,301,301,304,297,296,295,295]}}}