{"accessPoints":{"AP_Stage2_1":{"goodUsers":2,"badUsers":12,"avgRssi":-61.95028538812795},"AP_Stage3_1":{"goodUsers":1,"badUsers":10,"avgRssi":-69.4299657534247},"AP_MainEvent_8":{"goodUsers":15,"badUsers":64,"avgRssi":-50.24080042890125},"AP_MainEvent_6":{"goodUsers":8,"badUsers":42,"avgRssi":-50.17417280931219},"AP_MainEvent_2":{"goodUsers":1,"badUsers":8,"avgRssi":-57.06278538812782},"AP_Entrada":{"goodUsers":0,"badUsers":12,"avgRssi":-60.36729452054786},"AP_Stage3_2":{"goodUsers":0,"badUsers":4,"avgRssi":-56.35616438356164},"AP_MainEvent_3":{"goodUsers":18,"badUsers":66,"avgRssi":-51.54264502398754},"AP_Esplanada":{"goodUsers":1,"badUsers":53,"avgRssi":-62.522885711968044},"AP_MainEvent_7":{"goodUsers":3,"badUsers":20,"avgRssi":-52.10753276403967},"AP_Stage4_2":{"goodUsers":0,"badUsers":0,"avgRssi":0.0},"AP_Producao":{"goodUsers":10,"badUsers":51,"avgRssi":-49.358103129800604},"AP_MainEvent_10":{"goodUsers":11,"badUsers":38,"avgRssi":-48.312400391623214},"AP_MainEvent_4":{"goodUsers":21,"badUsers":83,"avgRssi":-48.73842460580941},"AP_Stage2_2":{"goodUsers":2,"badUsers":35,"avgRssi":-68.68890874631461},"AP_Zona_Passagem":{"goodUsers":0,"badUsers":0,"avgRssi":0.0},"AP_Betai":{"goodUsers":0,"badUsers":0,"avgRssi":0.0},"AP_Workshop":{"goodUsers":1,"badUsers":8,"avgRssi":-34.39931506849316},"AP_MainEvent_5":{"goodUsers":4,"badUsers":33,"avgRssi":-39.358196212754066},"AP_Stage4_1":{"goodUsers":1,"badUsers":11,"avgRssi":-47.897031963470404},"AP_MainEvent_1":{"goodUsers":4,"badUsers":24,"avgRssi":-41.638560868075864},"AP_MainEvent_9":{"goodUsers":5,"badUsers":25,"avgRssi":-55.108753228949105}},"talks":{"Bright Pixel Stage":{"name":"Innovations and Trends in Cloud","numAtendees":200,"timeSeries":[18,18,18,18,18,32,33,32,32,32,21,21,22,30,29,33,43,41,52,47,47,56,51,51,56,56,56,66,62,62,47,47,46,59,70,66,71,73,81,80,80,80,80,94,91,89,89,89,98,94,78,83,87,84,93,87,89,99,94,93]},"Segfault Stage":{"name":"Monoliths are your friends (most of the times)","numAtendees":12,"timeSeries":[0,0,0,0,0,1,2,2,2,2,2,2,4,4,3,3,3,3,4,4,3,3,2,2,1,1,1,2,2,2,2,2,2,3,4,3,4,5,4,3,3,3,3,4,4,4,4,4,4,4,3,3,3,3,4,4,4,4,4,4]},"Workshops":{"name":"Static Analysis o Plomo?","numAtendees":107,"timeSeries":[16,16,16,16,16,22,27,26,25,25,18,18,20,23,23,24,30,29,34,32,32,36,34,34,38,37,36,45,44,44,36,35,35,42,45,41,44,45,48,47,46,46,45,47,44,44,44,44,45,43,33,34,37,37,39,39,39,43,40,39]},"Beta-i Stage":{"name":"Agile roadtrip","numAtendees":15,"timeSeries":[1,1,1,1,1,3,3,3,3,3,3,3,2,3,3,4,5,5,5,5,5,5,5,5,5,5,5,6,5,5,3,3,3,3,3,3,3,3,2,2,2,2,2,2,1,1,1,1,2,2,1,2,2,2,3,3,3,5,7,7]},"NOS Stage":{"name":"No CPU cycle goes wasted!","numAtendees":165,"timeSeries":[11,11,11,11,11,21,26,25,25,25,19,18,21,24,23,21,32,31,41,37,39,49,47,47,49,48,47,55,51,51,43,43,43,49,60,59,61,63,63,61,61,61,61,65,64,64,64,63,70,70,47,50,55,52,57,57,57,69,72,69]}}}