{"accessPoints":{"AP_Stage2_1":{"goodUsers":1,"badUsers":28,"avgRssi":-70.48912408000942},"AP_Stage3_1":{"goodUsers":3,"badUsers":18,"avgRssi":-74.0798431988536},"AP_MainEvent_8":{"goodUsers":66,"badUsers":128,"avgRssi":-56.021412724261424},"AP_MainEvent_6":{"goodUsers":36,"badUsers":62,"avgRssi":-53.60284423432594},"AP_MainEvent_2":{"goodUsers":28,"badUsers":81,"avgRssi":-59.5860769426908},"AP_Entrada":{"goodUsers":4,"badUsers":26,"avgRssi":-62.39349718568457},"AP_Stage3_2":{"goodUsers":3,"badUsers":30,"avgRssi":-68.31164746499823},"AP_MainEvent_3":{"goodUsers":131,"badUsers":206,"avgRssi":-55.27300612555766},"AP_Esplanada":{"goodUsers":10,"badUsers":73,"avgRssi":-63.60845415688225},"AP_MainEvent_7":{"goodUsers":14,"badUsers":38,"avgRssi":-58.25225326906617},"AP_Stage4_2":{"goodUsers":0,"badUsers":0,"avgRssi":0.0},"AP_Producao":{"goodUsers":70,"badUsers":149,"avgRssi":-56.074146943198734},"AP_MainEvent_10":{"goodUsers":54,"badUsers":89,"avgRssi":-58.027115440536896},"AP_MainEvent_4":{"goodUsers":77,"badUsers":122,"avgRssi":-58.542057820825804},"AP_Stage2_2":{"goodUsers":10,"badUsers":87,"avgRssi":-78.6020682208553},"AP_Zona_Passagem":{"goodUsers":0,"badUsers":0,"avgRssi":0.0},"AP_Betai":{"goodUsers":0,"badUsers":0,"avgRssi":0.0},"AP_Workshop":{"goodUsers":1,"badUsers":15,"avgRssi":-57.799826388888896},"AP_MainEvent_5":{"goodUsers":14,"badUsers":50,"avgRssi":-49.247967663177036},"AP_Stage4_1":{"goodUsers":0,"badUsers":0,"avgRssi":0.0},"AP_MainEvent_1":{"goodUsers":46,"badUsers":80,"avgRssi":-57.843127054385654},"AP_MainEvent_9":{"goodUsers":33,"badUsers":97,"avgRssi":-60.0382247270055}},"talks":{"Bright Pixel Stage":{"name":"Stage tests for final presentations","numAtendees":845,"timeSeries":[299,302,296,296,296,296,296,296,296,296,224,294,274,268,266,266,265,275,293,280,296,304,303,308,312,305,311,299,297,306,188,194,206,204,214,204,207,207,207,213,237,223,243,248,257,248,248,249,267,253,200,202,198,207,227,217,220,223,223,231]}}}