{"accessPoints":{"AP_Stage2_1":{"goodUsers":11,"badUsers":38,"avgRssi":-70.74119518127229},"AP_Stage3_1":{"goodUsers":11,"badUsers":42,"avgRssi":-58.76288708096544},"AP_MainEvent_8":{"goodUsers":45,"badUsers":102,"avgRssi":-53.52920851802404},"AP_MainEvent_6":{"goodUsers":42,"badUsers":117,"avgRssi":-51.064144640730134},"AP_MainEvent_2":{"goodUsers":5,"badUsers":31,"avgRssi":-49.6983613245393},"AP_Entrada":{"goodUsers":11,"badUsers":42,"avgRssi":-65.73944479006448},"AP_Stage3_2":{"goodUsers":9,"badUsers":21,"avgRssi":-44.20888735746681},"AP_MainEvent_3":{"goodUsers":46,"badUsers":109,"avgRssi":-47.242039560079505},"AP_Esplanada":{"goodUsers":9,"badUsers":116,"avgRssi":-73.39128472315677},"AP_MainEvent_7":{"goodUsers":15,"badUsers":35,"avgRssi":-46.50544866667053},"AP_Stage4_2":{"goodUsers":0,"badUsers":0,"avgRssi":0.0},"AP_Producao":{"goodUsers":4,"badUsers":19,"avgRssi":-49.385832710047346},"AP_MainEvent_10":{"goodUsers":57,"badUsers":123,"avgRssi":-58.118379326273086},"AP_MainEvent_4":{"goodUsers":42,"badUsers":111,"avgRssi":-50.698378472706025},"AP_Stage2_2":{"goodUsers":10,"badUsers":81,"avgRssi":-70.285050187344},"AP_Zona_Passagem":{"goodUsers":0,"badUsers":0,"avgRssi":0.0},"AP_Betai":{"goodUsers":0,"badUsers":0,"avgRssi":0.0},"AP_Workshop":{"goodUsers":10,"badUsers":37,"avgRssi":-46.75514343928307},"AP_MainEvent_5":{"goodUsers":11,"badUsers":60,"avgRssi":-52.87996468450608},"AP_Stage4_1":{"goodUsers":12,"badUsers":45,"avgRssi":-55.216020446719746},"AP_MainEvent_1":{"goodUsers":23,"badUsers":86,"avgRssi":-57.49574504790365},"AP_MainEvent_9":{"goodUsers":11,"badUsers":86,"avgRssi":-52.459813947752984}},"talks":{"Bright Pixel Stage":{"name":"Chasing Ghosts Challenge","numAtendees":671,"timeSeries":[79,79,79,78,78,78,81,80,80,80,37,43,41,40,40,41,40,39,39,38,37,48,46,46,46,46,46,46,58,58,46,47,45,45,46,46,46,46,66,66,74,72,71,72,77,84,84,82,104,97,81,84,85,100,101,102,102,117,134,136,138,141,142,146,144,146,142,157,147,161,109,108,109,108,108,108,117,112,137,144,138,148,155,158,177,198,0,195,0,203,173,173,179,177,189,176,172,183,187,199,192,192,192,191,202,200,200,201,209,212,167,159,154,157,166,170,174,170,169,180]},"Segfault Stage":{"name":"Security CTF","numAtendees":78,"timeSeries":[4,3,3,3,3,3,3,3,3,3,3,3,3,3,3,3,3,3,3,3,5,5,5,5,5,5,5,5,5,5,5,5,5,5,5,5,5,5,4,4,4,4,4,4,4,4,4,4,4,4,0,0,1,1,2,2,2,2,2,2,2,2,2,2,2,2,2,2,2,2,1,1,1,1,1,1,1,1,1,1,1,5,5,5,5,5,5,5,5,5,4,5,4,4,4,4,4,4,5,5,5,5,6,6,6,7,7,7,10,10,9,9,9,9,11,11,11,12,14,14,14,13,14,13,13,13,13,14,14,15,11,11,12,12,12,12,13,12,14,13,12,12,14,14,14,16,0,18,0,17,14,14,14,16,17,17,17,18,19,20,21,23,22,22,21,19,17,17,15,14,7,7,7,7,7,12,14,17,20,25,27,27,28,29,30,31,30,29,31,31,29,29,28,28,28,28,28,29,29,31,27,26,27,28,28,27,27,27,26,26,16,17,18,18,18,18,18,18,19,19,20,20,20,20,19,19,18,18,18,18,11,11,11,11,11,11,11,11,11,11]}}}