{"accessPoints":{"AP_Stage2_1":{"goodUsers":0,"badUsers":15,"avgRssi":-51.350181818181994},"AP_Stage3_1":{"goodUsers":1,"badUsers":3,"avgRssi":-36.261818181818185},"AP_MainEvent_8":{"goodUsers":2,"badUsers":20,"avgRssi":-48.55552959162058},"AP_MainEvent_6":{"goodUsers":1,"badUsers":19,"avgRssi":-48.760085116903376},"AP_MainEvent_2":{"goodUsers":0,"badUsers":4,"avgRssi":-51.80848484848501},"AP_Entrada":{"goodUsers":0,"badUsers":6,"avgRssi":-29.245333333333388},"AP_Stage3_2":{"goodUsers":0,"badUsers":1,"avgRssi":-19.654545454545456},"AP_MainEvent_3":{"goodUsers":1,"badUsers":16,"avgRssi":-30.818345139708804},"AP_Esplanada":{"goodUsers":1,"badUsers":14,"avgRssi":-40.20568542568548},"AP_MainEvent_7":{"goodUsers":0,"badUsers":1,"avgRssi":-4.974545454545455},"AP_Stage4_2":{"goodUsers":0,"badUsers":0,"avgRssi":0.0},"AP_Producao":{"goodUsers":0,"badUsers":3,"avgRssi":-55.525454545454544},"AP_MainEvent_10":{"goodUsers":2,"badUsers":17,"avgRssi":-39.578080808080784},"AP_MainEvent_4":{"goodUsers":1,"badUsers":20,"avgRssi":-51.30148655385039},"AP_Stage2_2":{"goodUsers":0,"badUsers":25,"avgRssi":-64.36632110313947},"AP_Zona_Passagem":{"goodUsers":0,"badUsers":0,"avgRssi":0.0},"AP_Betai":{"goodUsers":0,"badUsers":0,"avgRssi":0.0},"AP_Workshop":{"goodUsers":2,"badUsers":6,"avgRssi":-25.080727272727227},"AP_MainEvent_5":{"goodUsers":0,"badUsers":0,"avgRssi":0.0},"AP_Stage4_1":{"goodUsers":1,"badUsers":20,"avgRssi":-43.636281385281336},"AP_MainEvent_1":{"goodUsers":4,"badUsers":20,"avgRssi":-51.99287285174712},"AP_MainEvent_9":{"goodUsers":0,"badUsers":2,"avgRssi":-57.5}},"talks":{"Bright Pixel Stage":{"name":"Stranger things - the internet version","numAtendees":66,"timeSeries":[0,0,0,0,36,35,35,34,34,34,22,22,21,21,21,21,20,20,20,20,20,29,28,28,28,27,27,27,27,27,25,25,25,25,25,29,37,44,44,44,44,44,44,44,44,44,44,44,47,46,35,35,35,35,35,35,34,34,34,34]},"Segfault Stage":{"name":"Launchpad Finals","numAtendees":60,"timeSeries":[0,0,0,0,0,0,0,0,0,0,0,0,0,0,0,0,0,0,0,0,0,0,0,0,0,0,0,0,0,0,0,0,0,0,0,0,0,0,0,0,0,0,0,0,0,0,0,0,0,0,0,0,0,0,0,0,0,0,0,0,0,0,0,0,16,16,16,16,16,15,6,6,6,6,5,5,5,5,5,5,5,6,6,6,6,6,5,5,5,5,4,4,4,4,4,7,7,8,8,8,8,8,8,8,8,8,8,8,8,8,7,7,7,7,7,7,7,7,7,7,7,7,7,9,9,9,9,9,13,13,9,9,10,11,11,11,11,11,13,13,13,13,13,13,13,13,13,13,13,13,2,6,6,6,9,9,9,9,9,8,8,10,11,10,10,14,14,14,13,13,17,22,22,22,23,21,21,21,21,21,21,21,22,25,25,25,25,25,25,25,10,10,10,10,10,10,10,10,10,10,10,11,11,11,11,11,11,12,12,12,5,5,5,5,5,5,5,5,5,5,5,5,5,5,5,5,5,5,5,5,4,4,4,4,4,4,4,4,4,4]},"Workshops":{"name":"Frida All the Things","numAtendees":11,"timeSeries":[0,0,0,0,5,5,5,5,5,5,0,0,0,0,0,0,0,0,0,0,0,1,1,1,1,1,1,1,1,1,1,1,1,1,1,2,5,5,5,5,5,5,5,5,5,5,5,5,5,5,5,5,5,5,5,5,5,5,5,5]},"Beta-i Stage":{"name":"Distributed Systems: zero to ?","numAtendees":5,"timeSeries":[0,0,0,0,2,2,2,2,2,2,0,0,0,0,0,0,0,0,0,0,0,0,0,0,0,0,0,0,0,0,0,0,0,0,0,2,3,3,3,3,3,3,3,3,3,3,3,3,3,3,3,3,3,3,3,3,3,3,3,3]},"NOS Stage":{"name":"How can Javascript improve your CSS Mixins","numAtendees":69,"timeSeries":[0,0,0,0,33,33,33,33,33,33,19,19,19,19,19,19,19,19,19,19,20,25,25,25,24,23,23,23,23,22,21,21,21,21,21,32,41,48,47,47,47,47,47,47,47,46,46,46,47,46,37,37,37,37,37,36,37,37,37,37]}}}