{"accessPoints":{"AP_Stage2_1":{"goodUsers":0,"badUsers":6,"avgRssi":-51.88168373151304},"AP_Stage3_1":{"goodUsers":0,"badUsers":2,"avgRssi":-8.737201365187714},"AP_MainEvent_8":{"goodUsers":2,"badUsers":37,"avgRssi":-31.607305025162887},"AP_MainEvent_6":{"goodUsers":1,"badUsers":14,"avgRssi":-12.211908824963437},"AP_MainEvent_2":{"goodUsers":1,"badUsers":6,"avgRssi":-24.643425971071007},"AP_Entrada":{"goodUsers":1,"badUsers":2,"avgRssi":-44.863481228668945},"AP_Stage3_2":{"goodUsers":1,"badUsers":4,"avgRssi":-37.732081911262775},"AP_MainEvent_3":{"goodUsers":4,"badUsers":35,"avgRssi":-36.913062467939284},"AP_Esplanada":{"goodUsers":0,"badUsers":19,"avgRssi":-40.62823496185274},"AP_MainEvent_7":{"goodUsers":0,"badUsers":11,"avgRssi":-44.99679018365025},"AP_Stage4_2":{"goodUsers":0,"badUsers":0,"avgRssi":0.0},"AP_Producao":{"goodUsers":1,"badUsers":21,"avgRssi":-48.45441645006469},"AP_MainEvent_10":{"goodUsers":0,"badUsers":19,"avgRssi":-37.86715275623122},"AP_MainEvent_4":{"goodUsers":0,"badUsers":37,"avgRssi":-28.807474285290063},"AP_Stage2_2":{"goodUsers":0,"badUsers":24,"avgRssi":-31.783721261474057},"AP_Zona_Passagem":{"goodUsers":0,"badUsers":0,"avgRssi":0.0},"AP_Betai":{"goodUsers":0,"badUsers":0,"avgRssi":0.0},"AP_Workshop":{"goodUsers":0,"badUsers":9,"avgRssi":-34.564163822525565},"AP_MainEvent_5":{"goodUsers":0,"badUsers":17,"avgRssi":-32.61328620185272},"AP_Stage4_1":{"goodUsers":0,"badUsers":11,"avgRssi":-41.89143507232246},"AP_MainEvent_1":{"goodUsers":0,"badUsers":0,"avgRssi":0.0},"AP_MainEvent_9":{"goodUsers":1,"badUsers":21,"avgRssi":-22.65670540115927}},"talks":{"Bright Pixel Stage":{"name":"Hardening your Infrastructure with a Vault","numAtendees":87,"timeSeries":[6,6,13,11,11,11,11,10,10,10,9,9,8,8,8,8,8,8,32,32,32,32,32,31,31,31,32,33,45,41,41,41,41,41,41,41,51,51,51,51,51,51,51,51,51,51,51,51,51,51,19,19,29,29,29,29,29,33,32,42]},"Segfault Stage":{"name":"Building a QA process","numAtendees":11,"timeSeries":[7,7,7,7,6,5,5,5,5,5,5,5,5,5,5,5,5,5,5,4,4,4,4,4,4,4,4,4,4,4,3,3,3,3,3,3,5,5,5,5,5,5,5,5,5,5,5,5,5,5,4,3,3,3,3,3,3,3,3,3]},"Workshops":{"name":"3D printing and polyurethane resins for rapid iteration of functional prototypes","numAtendees":48,"timeSeries":[5,5,9,8,8,7,7,7,7,6,6,6,6,6,6,5,5,5,19,19,19,19,19,19,19,19,19,21,24,24,22,22,22,21,21,21,25,25,25,25,25,25,25,25,24,24,24,24,24,24,10,10,17,17,17,17,16,20,19,24]},"Beta-i Stage":{"name":"Docker Compose for fearless developers","numAtendees":7,"timeSeries":[1,1,1,1,1,1,1,1,1,1,1,1,1,1,1,1,1,1,4,4,4,4,4,4,4,4,4,4,4,4,3,3,3,3,3,3,4,4,4,4,4,4,4,4,4,4,4,4,4,4,1,1,2,1,1,1,1,1,1,2]},"NOS Stage":{"name":"Quando é para decidir não se pode gaguejar","numAtendees":83,"timeSeries":[8,8,14,14,14,14,13,13,12,12,11,11,10,10,10,9,9,9,26,26,26,26,26,26,26,26,26,30,44,43,42,42,42,42,42,42,59,59,59,59,59,59,59,59,59,59,59,59,59,59,27,27,31,30,30,30,30,33,32,42]}}}