{"accessPoints":{"AP_Stage2_1":{"goodUsers":1,"badUsers":23,"avgRssi":-84.66735336708831},"AP_Stage3_1":{"goodUsers":3,"badUsers":7,"avgRssi":-60.501531213192074},"AP_MainEvent_8":{"goodUsers":44,"badUsers":98,"avgRssi":-55.50767066473634},"AP_MainEvent_6":{"goodUsers":11,"badUsers":37,"avgRssi":-51.99348370133451},"AP_MainEvent_2":{"goodUsers":24,"badUsers":59,"avgRssi":-58.47124192962554},"AP_Entrada":{"goodUsers":4,"badUsers":11,"avgRssi":-65.0263447192777},"AP_Stage3_2":{"goodUsers":0,"badUsers":1,"avgRssi":-9.925795053003533},"AP_MainEvent_3":{"goodUsers":52,"badUsers":97,"avgRssi":-53.06273164001535},"AP_Esplanada":{"goodUsers":3,"badUsers":61,"avgRssi":-79.2636837702807},"AP_MainEvent_7":{"goodUsers":4,"badUsers":9,"avgRssi":-63.359742554265495},"AP_Stage4_2":{"goodUsers":0,"badUsers":0,"avgRssi":0.0},"AP_Producao":{"goodUsers":29,"badUsers":76,"avgRssi":-54.70266322622404},"AP_MainEvent_10":{"goodUsers":107,"badUsers":143,"avgRssi":-56.393547537678664},"AP_MainEvent_4":{"goodUsers":31,"badUsers":57,"avgRssi":-55.56240471532415},"AP_Stage2_2":{"goodUsers":2,"badUsers":67,"avgRssi":-84.8972199406104},"AP_Zona_Passagem":{"goodUsers":0,"badUsers":0,"avgRssi":0.0},"AP_Betai":{"goodUsers":0,"badUsers":0,"avgRssi":0.0},"AP_Workshop":{"goodUsers":2,"badUsers":11,"avgRssi":-59.58700992764617},"AP_MainEvent_5":{"goodUsers":4,"badUsers":19,"avgRssi":-60.884777609512504},"AP_Stage4_1":{"goodUsers":0,"badUsers":0,"avgRssi":0.0},"AP_MainEvent_1":{"goodUsers":80,"badUsers":145,"avgRssi":-54.78758046218195},"AP_MainEvent_9":{"goodUsers":43,"badUsers":118,"avgRssi":-60.211616541782654}},"talks":{"Bright Pixel Stage":{"name":"Final Projects Presentations","numAtendees":1323,"timeSeries":[232,242,244,249,244,249,240,248,252,246,195,197,188,188,187,193,197,194,195,194,216,205,211,220,217,216,226,232,231,231,148,159,170,174,171,169,169,199,196,207,224,216,211,232,229,233,255,243,241,259,230,219,233,258,261,282,295,294,294,306,304,311,320,327,318,317,331,350,349,347,298,307,327,326,334,330,326,337,339,365,348,340,339,354,356,360,343,346,346,346,258,259,266,269,274,287,324,301,299,300,301,320,322,313,316,313,330,335,348,359,249,249,258,267,269,262,279,282,285,277,284,290,308,312,304,309,317,353,335,340,281,262,256,255,254,282,293,291,292,301,309,297,313,301,301,304,297,296,295,295]}}}