{"accessPoints":{"AP_Stage2_1":{"goodUsers":0,"badUsers":10,"avgRssi":-60.64026717557252},"AP_Stage3_1":{"goodUsers":3,"badUsers":15,"avgRssi":-43.7611186841148},"AP_MainEvent_8":{"goodUsers":7,"badUsers":59,"avgRssi":-40.69497269401378},"AP_MainEvent_6":{"goodUsers":11,"badUsers":67,"avgRssi":-33.104683779403906},"AP_MainEvent_2":{"goodUsers":0,"badUsers":14,"avgRssi":-64.56469465648868},"AP_Entrada":{"goodUsers":0,"badUsers":8,"avgRssi":-32.62977099236641},"AP_Stage3_2":{"goodUsers":1,"badUsers":13,"avgRssi":-29.56208651399483},"AP_MainEvent_3":{"goodUsers":10,"badUsers":65,"avgRssi":-38.32306789213812},"AP_Esplanada":{"goodUsers":1,"badUsers":40,"avgRssi":-46.72834200961487},"AP_MainEvent_7":{"goodUsers":0,"badUsers":24,"avgRssi":-22.357804737671117},"AP_Stage4_2":{"goodUsers":0,"badUsers":0,"avgRssi":0.0},"AP_Producao":{"goodUsers":2,"badUsers":5,"avgRssi":-21.52665394402038},"AP_MainEvent_10":{"goodUsers":6,"badUsers":63,"avgRssi":-55.60543436808076},"AP_MainEvent_4":{"goodUsers":10,"badUsers":65,"avgRssi":-36.898639455524034},"AP_Stage2_2":{"goodUsers":0,"badUsers":38,"avgRssi":-57.996150573345176},"AP_Zona_Passagem":{"goodUsers":0,"badUsers":0,"avgRssi":0.0},"AP_Betai":{"goodUsers":0,"badUsers":0,"avgRssi":0.0},"AP_Workshop":{"goodUsers":2,"badUsers":15,"avgRssi":-30.116943700913183},"AP_MainEvent_5":{"goodUsers":1,"badUsers":28,"avgRssi":-41.16518919263636},"AP_Stage4_1":{"goodUsers":0,"badUsers":20,"avgRssi":-58.35531766791307},"AP_MainEvent_1":{"goodUsers":8,"badUsers":52,"avgRssi":-41.823403008666666},"AP_MainEvent_9":{"goodUsers":3,"badUsers":39,"avgRssi":-51.45539301516385}},"talks":{"Bright Pixel Stage":{"name":"Chasing Ghosts Challenge","numAtendees":671,"timeSeries":[79,79,79,78,78,78,81,80,80,80,37,43,41,40,40,41,40,39,39,38,37,48,46,46,46,46,46,46,58,58,46,47,45,45,46,46,46,46,66,66,74,72,71,72,77,84,84,82,104,97,81,84,85,100,101,102,102,117,134,136,138,141,142,146,144,146,142,157,147,161,109,108,109,108,108,108,117,112,137,144,138,148,155,158,177,198,0,195,0,203,173,173,179,177,189,176,172,183,187,199,192,192,192,191,202,200,200,201,209,212,167,159,154,157,166,170,174,170,169,180]},"Segfault Stage":{"name":"Security CTF","numAtendees":78,"timeSeries":[4,3,3,3,3,3,3,3,3,3,3,3,3,3,3,3,3,3,3,3,5,5,5,5,5,5,5,5,5,5,5,5,5,5,5,5,5,5,4,4,4,4,4,4,4,4,4,4,4,4,0,0,1,1,2,2,2,2,2,2,2,2,2,2,2,2,2,2,2,2,1,1,1,1,1,1,1,1,1,1,1,5,5,5,5,5,5,5,5,5,4,5,4,4,4,4,4,4,5,5,5,5,6,6,6,7,7,7,10,10,9,9,9,9,11,11,11,12,14,14,14,13,14,13,13,13,13,14,14,15,11,11,12,12,12,12,13,12,14,13,12,12,14,14,14,16,0,18,0,17,14,14,14,16,17,17,17,18,19,20,21,23,22,22,21,19,17,17,15,14,7,7,7,7,7,12,14,17,20,25,27,27,28,29,30,31,30,29,31,31,29,29,28,28,28,28,28,29,29,31,27,26,27,28,28,27,27,27,26,26,16,17,18,18,18,18,18,18,19,19,20,20,20,20,19,19,18,18,18,18,11,11,11,11,11,11,11,11,11,11]},"Workshops":{"name":"Low Power Radio WAN: LoRa and Sigfox","numAtendees":53,"timeSeries":[11,11,11,11,11,11,11,11,11,11,4,6,6,6,6,11,11,11,11,11,11,13,12,12,12,12,12,12,14,14,14,16,16,16,15,15,15,15,21,22,22,21,21,21,25,27,27,27,29,27,26,26,26,28,30,31,31,34,36,34]},"Beta-i Stage":{"name":"Agile is Dead","numAtendees":32,"timeSeries":[16,16,16,16,16,16,16,16,16,16,3,3,3,3,3,4,4,4,4,4,4,5,5,5,5,5,5,5,5,5,5,5,5,5,6,6,6,6,7,7,8,8,8,7,8,8,8,8,9,9,8,8,8,8,9,9,9,12,13,13]},"NOS Stage":{"name":"How to develop on Ethereum","numAtendees":146,"timeSeries":[54,54,54,54,54,54,57,56,54,54,12,14,13,13,13,16,15,15,15,15,15,21,18,18,17,17,17,17,22,22,25,22,21,21,21,21,21,21,32,32,36,36,36,36,41,42,42,42,58,51,44,46,47,50,44,44,44,50,50,49]}}}