{"accessPoints":{"AP_Stage2_1":{"goodUsers":3,"badUsers":16,"avgRssi":-67.11408045977011},"AP_Stage3_1":{"goodUsers":5,"badUsers":20,"avgRssi":-59.292939244663394},"AP_MainEvent_8":{"goodUsers":46,"badUsers":130,"avgRssi":-56.80714641288478},"AP_MainEvent_6":{"goodUsers":24,"badUsers":66,"avgRssi":-53.35208151801418},"AP_MainEvent_2":{"goodUsers":7,"badUsers":31,"avgRssi":-60.79166004493581},"AP_Entrada":{"goodUsers":4,"badUsers":5,"avgRssi":-55.795402298850526},"AP_Stage3_2":{"goodUsers":5,"badUsers":14,"avgRssi":-47.85967793700554},"AP_MainEvent_3":{"goodUsers":68,"badUsers":95,"avgRssi":-54.794401652330116},"AP_Esplanada":{"goodUsers":2,"badUsers":95,"avgRssi":-87.42088930394583},"AP_MainEvent_7":{"goodUsers":7,"badUsers":33,"avgRssi":-57.764095760561254},"AP_Stage4_2":{"goodUsers":0,"badUsers":0,"avgRssi":0.0},"AP_Producao":{"goodUsers":0,"badUsers":2,"avgRssi":-16.629310344827587},"AP_MainEvent_10":{"goodUsers":34,"badUsers":70,"avgRssi":-59.13465902495599},"AP_MainEvent_4":{"goodUsers":62,"badUsers":101,"avgRssi":-56.33724845886427},"AP_Stage2_2":{"goodUsers":6,"badUsers":70,"avgRssi":-72.43295198164736},"AP_Zona_Passagem":{"goodUsers":0,"badUsers":0,"avgRssi":0.0},"AP_Betai":{"goodUsers":0,"badUsers":0,"avgRssi":0.0},"AP_Workshop":{"goodUsers":2,"badUsers":21,"avgRssi":-64.24179802955656},"AP_MainEvent_5":{"goodUsers":10,"badUsers":53,"avgRssi":-57.97390625490867},"AP_Stage4_1":{"goodUsers":2,"badUsers":29,"avgRssi":-82.13597701149429},"AP_MainEvent_1":{"goodUsers":19,"badUsers":64,"avgRssi":-58.1086135867853},"AP_MainEvent_9":{"goodUsers":5,"badUsers":55,"avgRssi":-59.137298756899455}},"talks":{}}