{"accessPoints":{"AP_Stage2_1":{"goodUsers":4,"badUsers":61,"avgRssi":-71.93510671437706},"AP_Stage3_1":{"goodUsers":5,"badUsers":30,"avgRssi":-61.80471709819637},"AP_MainEvent_8":{"goodUsers":78,"badUsers":166,"avgRssi":-53.67800321383982},"AP_MainEvent_6":{"goodUsers":38,"badUsers":76,"avgRssi":-54.83818873596782},"AP_MainEvent_2":{"goodUsers":11,"badUsers":34,"avgRssi":-57.026058534688545},"AP_Entrada":{"goodUsers":3,"badUsers":31,"avgRssi":-70.31225693409881},"AP_Stage3_2":{"goodUsers":5,"badUsers":21,"avgRssi":-62.91051607262144},"AP_MainEvent_3":{"goodUsers":93,"badUsers":92,"avgRssi":-54.14631907204549},"AP_Esplanada":{"goodUsers":11,"badUsers":85,"avgRssi":-74.1838318364927},"AP_MainEvent_7":{"goodUsers":27,"badUsers":45,"avgRssi":-59.056186478835436},"AP_Stage4_2":{"goodUsers":0,"badUsers":0,"avgRssi":0.0},"AP_Producao":{"goodUsers":57,"badUsers":90,"avgRssi":-55.85996796737521},"AP_MainEvent_10":{"goodUsers":58,"badUsers":86,"avgRssi":-55.494040610620765},"AP_MainEvent_4":{"goodUsers":88,"badUsers":116,"avgRssi":-55.662143921151134},"AP_Stage2_2":{"goodUsers":14,"badUsers":123,"avgRssi":-76.18170952011081},"AP_Zona_Passagem":{"goodUsers":0,"badUsers":0,"avgRssi":0.0},"AP_Betai":{"goodUsers":0,"badUsers":0,"avgRssi":0.0},"AP_Workshop":{"goodUsers":11,"badUsers":31,"avgRssi":-54.27243593094217},"AP_MainEvent_5":{"goodUsers":11,"badUsers":50,"avgRssi":-60.20501375945286},"AP_Stage4_1":{"goodUsers":7,"badUsers":38,"avgRssi":-65.75422674952374},"AP_MainEvent_1":{"goodUsers":25,"badUsers":74,"avgRssi":-55.01746894699211},"AP_MainEvent_9":{"goodUsers":31,"badUsers":76,"avgRssi":-59.073972434664334}},"talks":{"Bright Pixel Stage":{"name":"Stories from the trenches of building a data architecture","numAtendees":580,"timeSeries":[141,153,149,161,156,162,167,166,163,163,140,147,151,153,162,162,172,173,172,167,180,175,177,178,181,186,195,186,193,201,201,188,194,196,196,196,206,203,199,203,205,216,208,209,220,227,226,226,231,225,169,178,176,186,183,194,193,189,200,196]},"Segfault Stage":{"name":"Javascript: The new English","numAtendees":45,"timeSeries":[11,15,14,15,15,17,16,17,17,17,12,13,13,13,14,14,15,15,15,16,17,17,16,18,18,20,21,19,20,19,16,15,16,16,17,17,17,17,18,19,19,22,19,19,18,15,14,11,11,11,6,6,6,6,7,9,8,8,9,8]},"Workshops":{"name":"Waiting is boring","numAtendees":250,"timeSeries":[52,53,51,53,52,55,55,57,56,57,55,62,67,64,67,64,67,66,67,62,68,68,66,67,70,65,68,67,71,71,63,60,65,63,63,64,66,63,62,68,70,73,64,68,68,70,74,78,76,80,69,74,75,78,79,84,82,78,85,79]},"Beta-i Stage":{"name":"Testing - who, why, when?","numAtendees":61,"timeSeries":[13,15,16,14,14,15,14,17,18,18,18,18,20,19,20,23,23,23,23,23,24,25,25,26,30,28,31,29,29,31,27,26,27,27,29,27,23,21,21,21,19,22,21,21,20,20,21,24,24,23,16,17,15,15,16,16,16,16,15,17]},"NOS Stage":{"name":"Supercharge your Android Apps with Cloud Functions","numAtendees":552,"timeSeries":[136,143,134,137,134,140,144,145,145,147,117,121,123,124,133,141,158,160,162,151,157,158,159,162,167,170,174,175,184,175,150,139,143,144,151,156,160,161,160,167,165,179,173,184,189,200,196,203,206,212,161,168,162,169,161,167,171,169,176,173]}}}