{"accessPoints":{"AP_Stage2_1":{"goodUsers":3,"badUsers":20,"avgRssi":-73.93928715205881},"AP_Stage3_1":{"goodUsers":4,"badUsers":11,"avgRssi":-72.57561249137336},"AP_MainEvent_8":{"goodUsers":57,"badUsers":123,"avgRssi":-54.731781031888076},"AP_MainEvent_6":{"goodUsers":21,"badUsers":66,"avgRssi":-56.45061539729144},"AP_MainEvent_2":{"goodUsers":43,"badUsers":83,"avgRssi":-59.69638570887474},"AP_Entrada":{"goodUsers":4,"badUsers":4,"avgRssi":-60.09045893719808},"AP_Stage3_2":{"goodUsers":2,"badUsers":11,"avgRssi":-68.87852829537619},"AP_MainEvent_3":{"goodUsers":87,"badUsers":105,"avgRssi":-55.0908119330582},"AP_Esplanada":{"goodUsers":3,"badUsers":71,"avgRssi":-79.95878748097611},"AP_MainEvent_7":{"goodUsers":13,"badUsers":29,"avgRssi":-60.28230376708627},"AP_Stage4_2":{"goodUsers":0,"badUsers":0,"avgRssi":0.0},"AP_Producao":{"goodUsers":39,"badUsers":62,"avgRssi":-55.09983085879864},"AP_MainEvent_10":{"goodUsers":74,"badUsers":136,"avgRssi":-56.03208183874194},"AP_MainEvent_4":{"goodUsers":64,"badUsers":114,"avgRssi":-58.215315503856935},"AP_Stage2_2":{"goodUsers":4,"badUsers":43,"avgRssi":-74.7173404210168},"AP_Zona_Passagem":{"goodUsers":0,"badUsers":0,"avgRssi":0.0},"AP_Betai":{"goodUsers":0,"badUsers":0,"avgRssi":0.0},"AP_Workshop":{"goodUsers":5,"badUsers":11,"avgRssi":-62.3285541752933},"AP_MainEvent_5":{"goodUsers":6,"badUsers":30,"avgRssi":-60.02954711351442},"AP_Stage4_1":{"goodUsers":0,"badUsers":7,"avgRssi":-71.68025362318853},"AP_MainEvent_1":{"goodUsers":74,"badUsers":125,"avgRssi":-55.58172346678321},"AP_MainEvent_9":{"goodUsers":23,"badUsers":77,"avgRssi":-60.52593571282859}},"talks":{}}