{"accessPoints":{"AP_Stage2_1":{"goodUsers":0,"badUsers":4,"avgRssi":-35.39446366782007},"AP_Stage3_1":{"goodUsers":0,"badUsers":2,"avgRssi":0.0},"AP_MainEvent_8":{"goodUsers":1,"badUsers":14,"avgRssi":-23.130304528228447},"AP_MainEvent_6":{"goodUsers":2,"badUsers":15,"avgRssi":-23.579294408014118},"AP_MainEvent_2":{"goodUsers":0,"badUsers":7,"avgRssi":-30.906574394463668},"AP_Entrada":{"goodUsers":0,"badUsers":5,"avgRssi":-31.333967704728963},"AP_Stage3_2":{"goodUsers":0,"badUsers":3,"avgRssi":-48.3840830449827},"AP_MainEvent_3":{"goodUsers":2,"badUsers":20,"avgRssi":-53.701815444528144},"AP_Esplanada":{"goodUsers":1,"badUsers":5,"avgRssi":-31.595732410611383},"AP_MainEvent_7":{"goodUsers":0,"badUsers":6,"avgRssi":-19.218858131487888},"AP_Stage4_2":{"goodUsers":0,"badUsers":0,"avgRssi":0.0},"AP_Producao":{"goodUsers":0,"badUsers":25,"avgRssi":-59.60249629263468},"AP_MainEvent_10":{"goodUsers":0,"badUsers":18,"avgRssi":-59.56435191106479},"AP_MainEvent_4":{"goodUsers":1,"badUsers":21,"avgRssi":-24.596012522656064},"AP_Stage2_2":{"goodUsers":0,"badUsers":9,"avgRssi":-23.380252100840334},"AP_Zona_Passagem":{"goodUsers":0,"badUsers":0,"avgRssi":0.0},"AP_Betai":{"goodUsers":0,"badUsers":0,"avgRssi":0.0},"AP_Workshop":{"goodUsers":0,"badUsers":2,"avgRssi":-22.889273356401382},"AP_MainEvent_5":{"goodUsers":0,"badUsers":5,"avgRssi":-7.628316032295273},"AP_Stage4_1":{"goodUsers":0,"badUsers":14,"avgRssi":-33.64055033778216},"AP_MainEvent_1":{"goodUsers":0,"badUsers":1,"avgRssi":0.0},"AP_MainEvent_9":{"goodUsers":2,"badUsers":10,"avgRssi":-23.830079090459712}},"talks":{"Bright Pixel Stage":{"name":"Innovating in the Enterprise Software: Tales from the Trenches","numAtendees":60,"timeSeries":[19,19,18,31,30,30,30,30,30,34,31,41,40,40,40,39,39,39,39,39,37,37,43,43,43,42,42,42,42,42,7,7,7,6,6,6,6,6,6,6,7,7,7,7,7,7,7,7,7,7,3,3,3,3,3,3,3,3,6,6]},"Segfault Stage":{"name":"Building Immutable Servers with Packer and Ansible","numAtendees":14,"timeSeries":[6,6,6,6,6,6,6,6,6,8,7,8,8,8,8,8,8,8,8,8,8,8,9,9,9,9,9,9,9,9,4,4,4,4,4,4,4,4,4,4,4,4,4,4,4,4,4,4,4,4,4,4,4,4,4,4,4,4,8,7]},"Workshops":{"name":"Dirty Architecture","numAtendees":32,"timeSeries":[9,9,9,18,18,17,17,17,17,20,19,25,25,26,26,26,26,26,26,25,25,25,24,24,24,23,23,24,23,23,4,4,4,4,4,4,4,4,4,4,4,4,4,4,4,4,4,4,4,4,3,3,3,3,3,3,3,3,5,5]},"Beta-i Stage":{"name":"Clean for four months","numAtendees":5,"timeSeries":[3,3,3,3,3,3,3,3,3,3,3,3,3,3,3,3,3,3,3,3,3,3,4,4,5,5,5,5,4,4,2,2,2,2,2,2,2,2,2,2,2,2,2,2,2,2,2,2,2,2,1,1,1,1,1,1,1,1,1,1]},"NOS Stage":{"name":"ECMAScript: Understanding how JS evolves","numAtendees":39,"timeSeries":[13,13,12,19,19,19,20,20,20,25,24,29,29,29,28,28,28,28,28,28,28,28,29,29,29,29,29,29,28,28,4,4,4,4,4,4,4,4,4,4,4,3,3,3,3,3,3,3,3,3,3,3,3,3,3,3,3,3,9,8]}}}