{"accessPoints":{"AP_Stage2_1":{"goodUsers":0,"badUsers":9,"avgRssi":-68.52605727605723},"AP_Stage3_1":{"goodUsers":1,"badUsers":6,"avgRssi":-38.08275058275058},"AP_MainEvent_8":{"goodUsers":29,"badUsers":71,"avgRssi":-52.38635320702465},"AP_MainEvent_6":{"goodUsers":9,"badUsers":17,"avgRssi":-56.4455747632321},"AP_MainEvent_2":{"goodUsers":13,"badUsers":43,"avgRssi":-58.11297681480755},"AP_Entrada":{"goodUsers":5,"badUsers":4,"avgRssi":-62.092632367632405},"AP_Stage3_2":{"goodUsers":0,"badUsers":0,"avgRssi":0.0},"AP_MainEvent_3":{"goodUsers":34,"badUsers":85,"avgRssi":-54.5118884989517},"AP_Esplanada":{"goodUsers":4,"badUsers":31,"avgRssi":-71.02584147866938},"AP_MainEvent_7":{"goodUsers":3,"badUsers":10,"avgRssi":-54.34981684981696},"AP_Stage4_2":{"goodUsers":0,"badUsers":0,"avgRssi":0.0},"AP_Producao":{"goodUsers":12,"badUsers":43,"avgRssi":-50.76397988651386},"AP_MainEvent_10":{"goodUsers":58,"badUsers":124,"avgRssi":-56.874415001837015},"AP_MainEvent_4":{"goodUsers":22,"badUsers":43,"avgRssi":-56.63752819280211},"AP_Stage2_2":{"goodUsers":2,"badUsers":49,"avgRssi":-83.65487310387631},"AP_Zona_Passagem":{"goodUsers":0,"badUsers":0,"avgRssi":0.0},"AP_Betai":{"goodUsers":0,"badUsers":0,"avgRssi":0.0},"AP_Workshop":{"goodUsers":2,"badUsers":5,"avgRssi":-31.077097902097908},"AP_MainEvent_5":{"goodUsers":1,"badUsers":5,"avgRssi":-59.46853146853137},"AP_Stage4_1":{"goodUsers":0,"badUsers":0,"avgRssi":0.0},"AP_MainEvent_1":{"goodUsers":55,"badUsers":111,"avgRssi":-54.20673569716775},"AP_MainEvent_9":{"goodUsers":33,"badUsers":98,"avgRssi":-58.13876211476392}},"talks":{"Bright Pixel Stage":{"name":"Final Projects Presentations","numAtendees":1323,"timeSeries":[232,242,244,249,244,249,240,248,252,246,195,197,188,188,187,193,197,194,195,194,216,205,211,220,217,216,226,232,231,231,148,159,170,174,171,169,169,199,196,207,224,216,211,232,229,233,255,243,241,259,230,219,233,258,261,282,295,294,294,306,304,311,320,327,318,317,331,350,349,347,298,307,327,326,334,330,326,337,339,365,348,340,339,354,356,360,343,346,346,346,258,259,266,269,274,287,324,301,299,300,301,320,322,313,316,313,330,335,348,359,249,249,258,267,269,262,279,282,285,277,284,290,308,312,304,309,317,353,335,340,281,262,256,255,254,282,293,291,292,301,309,297,313,301,301,304,297,296,295,295]}}}