{"accessPoints":{"AP_Stage2_1":{"goodUsers":1,"badUsers":11,"avgRssi":-72.10603681188805},"AP_Stage3_1":{"goodUsers":0,"badUsers":9,"avgRssi":-67.56128841607567},"AP_MainEvent_8":{"goodUsers":4,"badUsers":45,"avgRssi":-47.363633756756506},"AP_MainEvent_6":{"goodUsers":9,"badUsers":29,"avgRssi":-52.35210135718},"AP_MainEvent_2":{"goodUsers":2,"badUsers":15,"avgRssi":-61.08644320612378},"AP_Entrada":{"goodUsers":2,"badUsers":18,"avgRssi":-62.37666126461494},"AP_Stage3_2":{"goodUsers":0,"badUsers":2,"avgRssi":-30.30851063829787},"AP_MainEvent_3":{"goodUsers":11,"badUsers":50,"avgRssi":-47.68184095030517},"AP_Esplanada":{"goodUsers":0,"badUsers":48,"avgRssi":-50.290824625231295},"AP_MainEvent_7":{"goodUsers":0,"badUsers":12,"avgRssi":-43.533548632218874},"AP_Stage4_2":{"goodUsers":0,"badUsers":0,"avgRssi":0.0},"AP_Producao":{"goodUsers":0,"badUsers":3,"avgRssi":-38.90780141843972},"AP_MainEvent_10":{"goodUsers":6,"badUsers":32,"avgRssi":-52.547220305485084},"AP_MainEvent_4":{"goodUsers":9,"badUsers":49,"avgRssi":-35.18807937143189},"AP_Stage2_2":{"goodUsers":0,"badUsers":34,"avgRssi":-63.56858899279722},"AP_Zona_Passagem":{"goodUsers":0,"badUsers":0,"avgRssi":0.0},"AP_Betai":{"goodUsers":0,"badUsers":0,"avgRssi":0.0},"AP_Workshop":{"goodUsers":1,"badUsers":7,"avgRssi":-39.80690645052348},"AP_MainEvent_5":{"goodUsers":2,"badUsers":18,"avgRssi":-61.927049752847886},"AP_Stage4_1":{"goodUsers":1,"badUsers":25,"avgRssi":-63.71683339273564},"AP_MainEvent_1":{"goodUsers":4,"badUsers":30,"avgRssi":-44.575966161653305},"AP_MainEvent_9":{"goodUsers":4,"badUsers":29,"avgRssi":-49.58218123170286}},"talks":{"Bright Pixel Stage":{"name":"Google BigQuery: data warehouse for large-scale analytics","numAtendees":183,"timeSeries":[81,81,95,107,102,102,102,102,102,102,55,55,55,55,55,55,54,54,64,61,61,76,71,71,71,77,76,96,91,90,57,57,63,61,60,60,60,64,62,61,61,60,60,60,60,60,60,76,74,74,37,36,36,35,34,34,34,33,33,33]},"Segfault Stage":{"name":"Launchpad Finals","numAtendees":60,"timeSeries":[0,0,0,0,0,0,0,0,0,0,0,0,0,0,0,0,0,0,0,0,0,0,0,0,0,0,0,0,0,0,0,0,0,0,0,0,0,0,0,0,0,0,0,0,0,0,0,0,0,0,0,0,0,0,0,0,0,0,0,0,0,0,0,0,16,16,16,16,16,15,6,6,6,6,5,5,5,5,5,5,5,6,6,6,6,6,5,5,5,5,4,4,4,4,4,7,7,8,8,8,8,8,8,8,8,8,8,8,8,8,7,7,7,7,7,7,7,7,7,7,7,7,7,9,9,9,9,9,13,13,9,9,10,11,11,11,11,11,13,13,13,13,13,13,13,13,13,13,13,13,2,6,6,6,9,9,9,9,9,8,8,10,11,10,10,14,14,14,13,13,17,22,22,22,23,21,21,21,21,21,21,21,22,25,25,25,25,25,25,25,10,10,10,10,10,10,10,10,10,10,10,11,11,11,11,11,11,12,12,12,5,5,5,5,5,5,5,5,5,5,5,5,5,5,5,5,5,5,5,5,4,4,4,4,4,4,4,4,4,4]},"Workshops":{"name":"Automating infrastructure: playing factorio on AWS","numAtendees":31,"timeSeries":[19,19,21,22,20,20,20,20,20,20,8,8,8,8,8,8,8,8,10,10,10,12,12,12,12,12,12,14,14,14,8,8,8,8,8,8,8,8,8,8,8,8,8,8,8,8,8,11,11,11,5,5,5,5,5,5,5,5,5,5]},"Beta-i Stage":{"name":"React Natively - multiplatform development done better","numAtendees":11,"timeSeries":[6,6,6,7,7,7,7,7,7,7,2,2,2,2,2,2,2,2,3,3,3,3,3,3,3,3,3,4,5,5,3,3,4,4,4,4,4,4,4,4,4,4,4,4,4,4,4,4,4,4,1,1,1,1,1,1,1,1,1,1]},"NOS Stage":{"name":"Monads for the whole family","numAtendees":127,"timeSeries":[67,68,76,83,77,75,75,75,75,75,40,40,39,39,39,39,39,39,47,46,46,54,52,52,52,52,52,63,59,59,32,32,35,35,35,35,35,36,35,35,36,36,36,36,36,36,35,42,40,40,20,20,20,19,19,19,19,19,19,18]}}}