{"accessPoints":{"AP_Stage2_1":{"goodUsers":2,"badUsers":35,"avgRssi":-66.41934463672506},"AP_Stage3_1":{"goodUsers":0,"badUsers":5,"avgRssi":-27.804029304029303},"AP_MainEvent_8":{"goodUsers":46,"badUsers":93,"avgRssi":-53.41063059178007},"AP_MainEvent_6":{"goodUsers":20,"badUsers":28,"avgRssi":-49.579559887728955},"AP_MainEvent_2":{"goodUsers":15,"badUsers":59,"avgRssi":-59.26959711938899},"AP_Entrada":{"goodUsers":4,"badUsers":12,"avgRssi":-54.01174341531478},"AP_Stage3_2":{"goodUsers":0,"badUsers":6,"avgRssi":-52.27899877899874},"AP_MainEvent_3":{"goodUsers":64,"badUsers":106,"avgRssi":-57.081436997978216},"AP_Esplanada":{"goodUsers":2,"badUsers":62,"avgRssi":-80.4472618689582},"AP_MainEvent_7":{"goodUsers":4,"badUsers":15,"avgRssi":-52.13920140705851},"AP_Stage4_2":{"goodUsers":0,"badUsers":0,"avgRssi":0.0},"AP_Producao":{"goodUsers":37,"badUsers":62,"avgRssi":-56.16449506906136},"AP_MainEvent_10":{"goodUsers":93,"badUsers":136,"avgRssi":-56.65068805814244},"AP_MainEvent_4":{"goodUsers":32,"badUsers":67,"avgRssi":-54.75545159937001},"AP_Stage2_2":{"goodUsers":3,"badUsers":77,"avgRssi":-85.3780305166058},"AP_Zona_Passagem":{"goodUsers":0,"badUsers":0,"avgRssi":0.0},"AP_Betai":{"goodUsers":0,"badUsers":0,"avgRssi":0.0},"AP_Workshop":{"goodUsers":3,"badUsers":10,"avgRssi":-63.56096284667703},"AP_MainEvent_5":{"goodUsers":5,"badUsers":16,"avgRssi":-59.97685330542469},"AP_Stage4_1":{"goodUsers":0,"badUsers":0,"avgRssi":0.0},"AP_MainEvent_1":{"goodUsers":52,"badUsers":131,"avgRssi":-57.35779941586545},"AP_MainEvent_9":{"goodUsers":47,"badUsers":96,"avgRssi":-57.97298525771523}},"talks":{"Bright Pixel Stage":{"name":"Hackathon and Launchpad Winners & Prizes","numAtendees":799,"timeSeries":[183,196,186,205,199,199,198,197,196,203,177,176,213,202,202,201,200,224,222,239,240,265,275,272,296,274,294,296,306,323,275,276,282,288,286,313,298,310,333,306,323,319,321,310,314,325,337,334,329,344,278,270,264,273,270,262,265,272,274,259]}}}