{"accessPoints":{"AP_Stage2_1":{"goodUsers":4,"badUsers":17,"avgRssi":-68.72785256410273},"AP_Stage3_1":{"goodUsers":2,"badUsers":13,"avgRssi":-69.78601648351648},"AP_MainEvent_8":{"goodUsers":99,"badUsers":176,"avgRssi":-56.20775751876695},"AP_MainEvent_6":{"goodUsers":45,"badUsers":72,"avgRssi":-57.3528277258077},"AP_MainEvent_2":{"goodUsers":34,"badUsers":45,"avgRssi":-60.02787409360376},"AP_Entrada":{"goodUsers":9,"badUsers":14,"avgRssi":-65.91251767463297},"AP_Stage3_2":{"goodUsers":1,"badUsers":10,"avgRssi":-58.11737179487189},"AP_MainEvent_3":{"goodUsers":113,"badUsers":123,"avgRssi":-54.510252075164445},"AP_Esplanada":{"goodUsers":11,"badUsers":72,"avgRssi":-73.45053832864232},"AP_MainEvent_7":{"goodUsers":27,"badUsers":29,"avgRssi":-56.46377741592376},"AP_Stage4_2":{"goodUsers":0,"badUsers":0,"avgRssi":0.0},"AP_Producao":{"goodUsers":75,"badUsers":83,"avgRssi":-54.92143705966009},"AP_MainEvent_10":{"goodUsers":101,"badUsers":122,"avgRssi":-55.53096724787455},"AP_MainEvent_4":{"goodUsers":96,"badUsers":122,"avgRssi":-55.842612837941985},"AP_Stage2_2":{"goodUsers":5,"badUsers":45,"avgRssi":-75.23621979233697},"AP_Zona_Passagem":{"goodUsers":0,"badUsers":0,"avgRssi":0.0},"AP_Betai":{"goodUsers":0,"badUsers":0,"avgRssi":0.0},"AP_Workshop":{"goodUsers":4,"badUsers":13,"avgRssi":-61.5131593406593},"AP_MainEvent_5":{"goodUsers":12,"badUsers":39,"avgRssi":-59.65150176697337},"AP_Stage4_1":{"goodUsers":2,"badUsers":4,"avgRssi":-60.08653846153845},"AP_MainEvent_1":{"goodUsers":66,"badUsers":101,"avgRssi":-55.75935710828831},"AP_MainEvent_9":{"goodUsers":42,"badUsers":96,"avgRssi":-61.95762295040111}},"talks":{"Bright Pixel Stage":{"name":"Presentation Karaoke","numAtendees":843,"timeSeries":[264,269,270,276,285,282,270,286,287,279,231,235,238,267,250,259,268,274,276,272,277,267,271,281,270,265,276,273,286,289,222,231,227,243,228,226,239,240,247,244,250,254,242,248,262,248,244,269,259,272,211,209,214,221,216,219,233,235,231,251]}}}