{"accessPoints":{"AP_Stage2_1":{"goodUsers":0,"badUsers":7,"avgRssi":-52.9099520383693},"AP_Stage3_1":{"goodUsers":1,"badUsers":10,"avgRssi":-50.59298561151069},"AP_MainEvent_8":{"goodUsers":14,"badUsers":90,"avgRssi":-49.40677151406493},"AP_MainEvent_6":{"goodUsers":5,"badUsers":47,"avgRssi":-48.54514907393908},"AP_MainEvent_2":{"goodUsers":5,"badUsers":34,"avgRssi":-55.41853670351607},"AP_Entrada":{"goodUsers":1,"badUsers":8,"avgRssi":-57.102817745803264},"AP_Stage3_2":{"goodUsers":2,"badUsers":7,"avgRssi":-58.19184652278176},"AP_MainEvent_3":{"goodUsers":27,"badUsers":86,"avgRssi":-52.281515346167176},"AP_Esplanada":{"goodUsers":3,"badUsers":45,"avgRssi":-64.2467705780198},"AP_MainEvent_7":{"goodUsers":6,"badUsers":25,"avgRssi":-61.23847519387097},"AP_Stage4_2":{"goodUsers":0,"badUsers":0,"avgRssi":0.0},"AP_Producao":{"goodUsers":14,"badUsers":66,"avgRssi":-46.237387546356004},"AP_MainEvent_10":{"goodUsers":20,"badUsers":55,"avgRssi":-50.26359697912915},"AP_MainEvent_4":{"goodUsers":15,"badUsers":86,"avgRssi":-46.63314978856842},"AP_Stage2_2":{"goodUsers":0,"badUsers":55,"avgRssi":-63.06107647611692},"AP_Zona_Passagem":{"goodUsers":0,"badUsers":0,"avgRssi":0.0},"AP_Betai":{"goodUsers":0,"badUsers":0,"avgRssi":0.0},"AP_Workshop":{"goodUsers":0,"badUsers":13,"avgRssi":-55.500950668036964},"AP_MainEvent_5":{"goodUsers":4,"badUsers":33,"avgRssi":-48.07316103161426},"AP_Stage4_1":{"goodUsers":1,"badUsers":20,"avgRssi":-53.75279205207261},"AP_MainEvent_1":{"goodUsers":0,"badUsers":0,"avgRssi":0.0},"AP_MainEvent_9":{"goodUsers":9,"badUsers":36,"avgRssi":-55.52809892737723}},"talks":{"Bright Pixel Stage":{"name":"How Revolut are leading the way with cryptocurrencies","numAtendees":272,"timeSeries":[41,40,40,39,39,50,48,59,54,54,39,39,39,39,39,39,58,55,60,60,57,85,90,94,94,93,100,98,105,105,90,90,98,94,94,94,94,94,102,113,111,111,111,111,113,113,114,125,135,130,72,80,94,83,94,94,101,110,110,108]},"Segfault Stage":{"name":"JS WTF","numAtendees":21,"timeSeries":[3,3,3,3,3,3,3,3,3,3,1,1,1,1,1,1,2,2,3,4,3,6,6,7,7,6,7,6,6,6,6,6,6,6,6,6,6,6,6,6,6,6,5,5,5,5,5,5,5,4,1,1,3,3,5,5,5,10,10,9]},"Workshops":{"name":"Hey ho, let's GO!","numAtendees":130,"timeSeries":[24,24,24,24,24,30,27,28,28,28,19,19,19,19,19,19,27,25,28,30,30,36,36,34,32,32,35,35,37,35,29,29,31,30,30,30,30,29,34,34,32,32,32,32,35,35,36,41,44,47,42,46,58,54,57,58,58,59,62,62]},"Beta-i Stage":{"name":"Changing Mindset with Lean and Test Automation","numAtendees":20,"timeSeries":[2,2,2,2,2,3,2,3,3,3,2,2,2,2,2,2,4,4,7,7,7,7,7,7,7,7,8,8,9,9,7,7,8,8,8,8,8,8,8,8,7,7,7,7,7,7,7,9,9,9,4,4,5,5,7,7,7,7,7,7]},"NOS Stage":{"name":"Digitalization Cyber Trenches","numAtendees":206,"timeSeries":[42,42,42,42,41,46,44,55,52,51,35,35,35,35,34,34,49,45,54,51,51,67,68,65,65,64,69,69,75,73,56,56,59,56,56,55,55,55,56,56,55,55,55,55,57,57,57,68,71,75,48,57,69,65,73,75,76,92,92,91]}}}