{"accessPoints":{"AP_Stage2_1":{"goodUsers":5,"badUsers":48,"avgRssi":-70.21461346295582},"AP_Stage3_1":{"goodUsers":7,"badUsers":23,"avgRssi":-64.3045722777327},"AP_MainEvent_8":{"goodUsers":74,"badUsers":136,"avgRssi":-55.947631983448396},"AP_MainEvent_6":{"goodUsers":52,"badUsers":72,"avgRssi":-55.14646655093586},"AP_MainEvent_2":{"goodUsers":17,"badUsers":31,"avgRssi":-59.00950452216463},"AP_Entrada":{"goodUsers":10,"badUsers":31,"avgRssi":-67.06777702823081},"AP_Stage3_2":{"goodUsers":9,"badUsers":27,"avgRssi":-65.59293812652368},"AP_MainEvent_3":{"goodUsers":97,"badUsers":103,"avgRssi":-56.307646166319174},"AP_Esplanada":{"goodUsers":9,"badUsers":80,"avgRssi":-66.52360053501165},"AP_MainEvent_7":{"goodUsers":30,"badUsers":49,"avgRssi":-58.57650018211256},"AP_Stage4_2":{"goodUsers":0,"badUsers":0,"avgRssi":0.0},"AP_Producao":{"goodUsers":61,"badUsers":93,"avgRssi":-56.558782537415034},"AP_MainEvent_10":{"goodUsers":55,"badUsers":101,"avgRssi":-56.289354153627045},"AP_MainEvent_4":{"goodUsers":81,"badUsers":114,"avgRssi":-56.5560324007532},"AP_Stage2_2":{"goodUsers":10,"badUsers":128,"avgRssi":-78.34345635581826},"AP_Zona_Passagem":{"goodUsers":0,"badUsers":0,"avgRssi":0.0},"AP_Betai":{"goodUsers":0,"badUsers":0,"avgRssi":0.0},"AP_Workshop":{"goodUsers":19,"badUsers":27,"avgRssi":-57.88623937572851},"AP_MainEvent_5":{"goodUsers":12,"badUsers":51,"avgRssi":-58.05214592849015},"AP_Stage4_1":{"goodUsers":10,"badUsers":32,"avgRssi":-65.0280720241394},"AP_MainEvent_1":{"goodUsers":34,"badUsers":60,"avgRssi":-54.67318314385858},"AP_MainEvent_9":{"goodUsers":39,"badUsers":68,"avgRssi":-60.6191148330407}},"talks":{"Bright Pixel Stage":{"name":"Machine Learning in the Wild - What they don't teach you in books","numAtendees":605,"timeSeries":[203,205,207,201,207,207,206,215,216,223,186,203,190,195,203,209,205,209,218,223,225,234,228,224,236,235,235,230,250,231,201,201,208,199,205,211,212,216,210,215,217,214,221,219,226,224,215,228,216,221,176,179,173,179,191,193,192,206,202,195]},"Segfault Stage":{"name":"Futurology","numAtendees":42,"timeSeries":[7,6,7,7,7,7,7,7,7,8,11,11,11,14,15,17,18,18,19,20,20,22,23,23,23,22,23,21,21,21,19,18,20,22,21,21,20,20,21,21,21,20,19,18,15,15,16,17,17,17,12,11,11,11,9,9,8,9,9,9]},"Workshops":{"name":"1001 Reasons to use Python","numAtendees":263,"timeSeries":[76,78,77,77,81,79,79,84,86,89,69,69,63,66,68,73,71,72,76,70,73,84,85,87,87,89,94,86,97,91,83,82,85,86,87,90,90,91,89,99,97,94,94,95,96,97,97,101,99,100,72,74,72,81,87,88,91,103,100,100]},"Beta-i Stage":{"name":"More My Type: Developing React Applications in TypeScript","numAtendees":66,"timeSeries":[21,21,21,21,26,28,27,27,26,28,26,28,27,26,32,29,29,29,29,29,29,26,29,32,31,33,35,33,34,34,29,28,32,30,30,31,31,31,31,32,31,31,30,28,29,29,27,27,26,26,18,18,17,17,18,18,15,15,16,16]},"NOS Stage":{"name":"A skynet office framework or smth","numAtendees":521,"timeSeries":[173,180,181,178,181,177,178,183,177,180,130,141,132,137,152,156,165,169,168,161,164,176,176,168,174,177,185,184,202,190,160,164,175,174,173,176,172,172,171,179,182,181,185,181,191,191,187,192,190,190,131,132,126,133,134,134,142,147,133,133]}}}