{"accessPoints":{"AP_Stage2_1":{"goodUsers":8,"badUsers":25,"avgRssi":-74.42457636640555},"AP_Stage3_1":{"goodUsers":6,"badUsers":9,"avgRssi":-63.55099941211053},"AP_MainEvent_8":{"goodUsers":39,"badUsers":78,"avgRssi":-56.99682131114253},"AP_MainEvent_6":{"goodUsers":30,"badUsers":98,"avgRssi":-53.31445446571574},"AP_MainEvent_2":{"goodUsers":6,"badUsers":18,"avgRssi":-58.613442330417655},"AP_Entrada":{"goodUsers":9,"badUsers":34,"avgRssi":-69.17697443167027},"AP_Stage3_2":{"goodUsers":3,"badUsers":10,"avgRssi":-48.11436409954919},"AP_MainEvent_3":{"goodUsers":49,"badUsers":89,"avgRssi":-50.674131041950055},"AP_Esplanada":{"goodUsers":8,"badUsers":103,"avgRssi":-75.0090781197451},"AP_MainEvent_7":{"goodUsers":12,"badUsers":29,"avgRssi":-57.03999420750122},"AP_Stage4_2":{"goodUsers":0,"badUsers":0,"avgRssi":0.0},"AP_Producao":{"goodUsers":0,"badUsers":14,"avgRssi":-68.86504997060547},"AP_MainEvent_10":{"goodUsers":45,"badUsers":72,"avgRssi":-57.95034975104508},"AP_MainEvent_4":{"goodUsers":35,"badUsers":110,"avgRssi":-54.93488275547454},"AP_Stage2_2":{"goodUsers":4,"badUsers":56,"avgRssi":-72.13907827169407},"AP_Zona_Passagem":{"goodUsers":0,"badUsers":0,"avgRssi":0.0},"AP_Betai":{"goodUsers":0,"badUsers":0,"avgRssi":0.0},"AP_Workshop":{"goodUsers":13,"badUsers":23,"avgRssi":-52.63073073778366},"AP_MainEvent_5":{"goodUsers":10,"badUsers":42,"avgRssi":-54.10706833015095},"AP_Stage4_1":{"goodUsers":14,"badUsers":30,"avgRssi":-56.75966721997228},"AP_MainEvent_1":{"goodUsers":16,"badUsers":60,"avgRssi":-55.94231064252374},"AP_MainEvent_9":{"goodUsers":8,"badUsers":49,"avgRssi":-49.08501701679365}},"talks":{"Bright Pixel Stage":{"name":"Code in the dark","numAtendees":519,"timeSeries":[169,172,175,185,183,193,189,188,198,190,149,158,149,146,148,155,152,168,166,184,178,174,178,180,173,173,173,172,175,175,131,132,136,130,130,129,129,129,128,128,144,138,139,151,151,155,153,149,149,155,117,116,127,126,128,120,120,128,124,123,123,123,123,122,122,121,125,136,134,131,88,92,107,110,105,109,109,108,116,116,116,116,116,116,116,125,131,136,140,138,95,95,95,95,95,96,96,96,97,104,104,104,104,104,104,104,112,110,110,110,53,53,65,59,59,59,59,59,59,59]},"Segfault Stage":{"name":"Security CTF","numAtendees":78,"timeSeries":[4,3,3,3,3,3,3,3,3,3,3,3,3,3,3,3,3,3,3,3,5,5,5,5,5,5,5,5,5,5,5,5,5,5,5,5,5,5,4,4,4,4,4,4,4,4,4,4,4,4,0,0,1,1,2,2,2,2,2,2,2,2,2,2,2,2,2,2,2,2,1,1,1,1,1,1,1,1,1,1,1,5,5,5,5,5,5,5,5,5,4,5,4,4,4,4,4,4,5,5,5,5,6,6,6,7,7,7,10,10,9,9,9,9,11,11,11,12,14,14,14,13,14,13,13,13,13,14,14,15,11,11,12,12,12,12,13,12,14,13,12,12,14,14,14,16,0,18,0,17,14,14,14,16,17,17,17,18,19,20,21,23,22,22,21,19,17,17,15,14,7,7,7,7,7,12,14,17,20,25,27,27,28,29,30,31,30,29,31,31,29,29,28,28,28,28,28,29,29,31,27,26,27,28,28,27,27,27,26,26,16,17,18,18,18,18,18,18,19,19,20,20,20,20,19,19,18,18,18,18,11,11,11,11,11,11,11,11,11,11]}}}