{"accessPoints":{"AP_Stage2_1":{"goodUsers":0,"badUsers":9,"avgRssi":-59.70492289442467},"AP_Stage3_1":{"goodUsers":0,"badUsers":11,"avgRssi":-58.18897220810021},"AP_MainEvent_8":{"goodUsers":2,"badUsers":32,"avgRssi":-46.53761836226247},"AP_MainEvent_6":{"goodUsers":5,"badUsers":32,"avgRssi":-47.00447025080221},"AP_MainEvent_2":{"goodUsers":0,"badUsers":17,"avgRssi":-65.62064056939496},"AP_Entrada":{"goodUsers":0,"badUsers":8,"avgRssi":-47.0435349940688},"AP_Stage3_2":{"goodUsers":0,"badUsers":11,"avgRssi":-44.96919166243001},"AP_MainEvent_3":{"goodUsers":8,"badUsers":40,"avgRssi":-51.56398837123811},"AP_Esplanada":{"goodUsers":0,"badUsers":26,"avgRssi":-37.97361293487519},"AP_MainEvent_7":{"goodUsers":0,"badUsers":12,"avgRssi":-45.672419928825455},"AP_Stage4_2":{"goodUsers":0,"badUsers":0,"avgRssi":0.0},"AP_Producao":{"goodUsers":0,"badUsers":3,"avgRssi":-45.04270462633452},"AP_MainEvent_10":{"goodUsers":2,"badUsers":43,"avgRssi":-52.77438161877666},"AP_MainEvent_4":{"goodUsers":4,"badUsers":46,"avgRssi":-33.68214255146847},"AP_Stage2_2":{"goodUsers":1,"badUsers":39,"avgRssi":-58.994535236776315},"AP_Zona_Passagem":{"goodUsers":0,"badUsers":0,"avgRssi":0.0},"AP_Betai":{"goodUsers":0,"badUsers":0,"avgRssi":0.0},"AP_Workshop":{"goodUsers":1,"badUsers":5,"avgRssi":-52.28291814946619},"AP_MainEvent_5":{"goodUsers":4,"badUsers":18,"avgRssi":-59.4606027227026},"AP_Stage4_1":{"goodUsers":0,"badUsers":8,"avgRssi":-64.43226571767511},"AP_MainEvent_1":{"goodUsers":4,"badUsers":26,"avgRssi":-37.53467549910714},"AP_MainEvent_9":{"goodUsers":3,"badUsers":25,"avgRssi":-56.36042016504662}},"talks":{"Bright Pixel Stage":{"name":"Hardware manufacturing, the secrets of China","numAtendees":168,"timeSeries":[33,33,33,33,46,46,46,50,49,49,32,31,31,42,39,39,39,39,39,39,48,47,62,59,59,59,59,59,58,58,39,39,39,37,37,37,37,37,36,36,36,46,46,46,46,62,65,63,72,70,53,53,64,69,82,80,80,79,79,79]},"Segfault Stage":{"name":"Security CTF","numAtendees":78,"timeSeries":[4,3,3,3,3,3,3,3,3,3,3,3,3,3,3,3,3,3,3,3,5,5,5,5,5,5,5,5,5,5,5,5,5,5,5,5,5,5,4,4,4,4,4,4,4,4,4,4,4,4,0,0,1,1,2,2,2,2,2,2,2,2,2,2,2,2,2,2,2,2,1,1,1,1,1,1,1,1,1,1,1,5,5,5,5,5,5,5,5,5,4,5,4,4,4,4,4,4,5,5,5,5,6,6,6,7,7,7,10,10,9,9,9,9,11,11,11,12,14,14,14,13,14,13,13,13,13,14,14,15,11,11,12,12,12,12,13,12,14,13,12,12,14,14,14,16,0,18,0,17,14,14,14,16,17,17,17,18,19,20,21,23,22,22,21,19,17,17,15,14,7,7,7,7,7,12,14,17,20,25,27,27,28,29,30,31,30,29,31,31,29,29,28,28,28,28,28,29,29,31,27,26,27,28,28,27,27,27,26,26,16,17,18,18,18,18,18,18,19,19,20,20,20,20,19,19,18,18,18,18,11,11,11,11,11,11,11,11,11,11]},"Workshops":{"name":"AIY, Let's talk! | How to create your own voice assistant in a little cardboard cube","numAtendees":31,"timeSeries":[5,5,5,5,7,7,7,11,11,11,7,7,7,15,13,13,13,13,13,13,15,15,15,14,14,14,14,14,14,14,6,6,6,6,6,6,6,6,6,6,6,7,7,7,7,11,11,11,13,13,10,10,13,12,12,11,11,11,11,11]},"Beta-i Stage":{"name":"From iOS to Desktops and Consoles: Porting Quest of Dungeons","numAtendees":22,"timeSeries":[1,1,1,1,4,4,4,5,5,5,5,5,5,7,7,7,7,7,7,7,8,8,9,9,9,9,9,9,9,9,4,4,4,4,4,4,4,4,4,4,4,4,4,4,4,11,11,11,13,13,11,11,14,15,15,16,16,16,16,16]},"NOS Stage":{"name":"Operations as a Product","numAtendees":103,"timeSeries":[18,18,18,18,22,21,21,28,28,27,19,19,17,23,22,22,21,20,20,20,27,27,35,33,33,34,34,34,34,34,23,23,23,23,23,23,21,21,21,21,21,28,28,28,28,36,34,33,40,40,31,31,40,49,54,54,55,55,55,54]}}}