{"accessPoints":{"AP_Stage2_1":{"goodUsers":0,"badUsers":29,"avgRssi":-76.53309148116844},"AP_Stage3_1":{"goodUsers":4,"badUsers":18,"avgRssi":-66.64920773670787},"AP_MainEvent_8":{"goodUsers":51,"badUsers":122,"avgRssi":-56.32227384636035},"AP_MainEvent_6":{"goodUsers":35,"badUsers":80,"avgRssi":-55.0136496077223},"AP_MainEvent_2":{"goodUsers":21,"badUsers":78,"avgRssi":-56.64588903946154},"AP_Entrada":{"goodUsers":6,"badUsers":19,"avgRssi":-68.37946699764898},"AP_Stage3_2":{"goodUsers":2,"badUsers":27,"avgRssi":-66.93489139066064},"AP_MainEvent_3":{"goodUsers":90,"badUsers":157,"avgRssi":-55.393404554964015},"AP_Esplanada":{"goodUsers":6,"badUsers":72,"avgRssi":-65.40050539435809},"AP_MainEvent_7":{"goodUsers":13,"badUsers":38,"avgRssi":-57.954213736231864},"AP_Stage4_2":{"goodUsers":0,"badUsers":0,"avgRssi":0.0},"AP_Producao":{"goodUsers":48,"badUsers":101,"avgRssi":-56.48259627746959},"AP_MainEvent_10":{"goodUsers":28,"badUsers":94,"avgRssi":-54.8259139851982},"AP_MainEvent_4":{"goodUsers":49,"badUsers":130,"avgRssi":-56.83519395879196},"AP_Stage2_2":{"goodUsers":8,"badUsers":94,"avgRssi":-78.98286905399156},"AP_Zona_Passagem":{"goodUsers":0,"badUsers":0,"avgRssi":0.0},"AP_Betai":{"goodUsers":0,"badUsers":0,"avgRssi":0.0},"AP_Workshop":{"goodUsers":6,"badUsers":28,"avgRssi":-58.958822309240475},"AP_MainEvent_5":{"goodUsers":11,"badUsers":51,"avgRssi":-61.34155032539402},"AP_Stage4_1":{"goodUsers":0,"badUsers":14,"avgRssi":-57.98911013229204},"AP_MainEvent_1":{"goodUsers":16,"badUsers":64,"avgRssi":-55.125937237796535},"AP_MainEvent_9":{"goodUsers":18,"badUsers":70,"avgRssi":-59.498163479557135}},"talks":{}}