{"accessPoints":{"AP_Stage2_1":{"goodUsers":1,"badUsers":14,"avgRssi":-66.52291560752418},"AP_Stage3_1":{"goodUsers":1,"badUsers":13,"avgRssi":-68.23046093882377},"AP_MainEvent_8":{"goodUsers":60,"badUsers":128,"avgRssi":-55.40567116299987},"AP_MainEvent_6":{"goodUsers":28,"badUsers":64,"avgRssi":-57.26319393604112},"AP_MainEvent_2":{"goodUsers":28,"badUsers":66,"avgRssi":-62.552786919315615},"AP_Entrada":{"goodUsers":6,"badUsers":3,"avgRssi":-64.99762752075924},"AP_Stage3_2":{"goodUsers":2,"badUsers":5,"avgRssi":-51.619276393831555},"AP_MainEvent_3":{"goodUsers":83,"badUsers":119,"avgRssi":-55.61490298320706},"AP_Esplanada":{"goodUsers":0,"badUsers":74,"avgRssi":-83.84504592107658},"AP_MainEvent_7":{"goodUsers":11,"badUsers":43,"avgRssi":-64.75195156267226},"AP_Stage4_2":{"goodUsers":0,"badUsers":0,"avgRssi":0.0},"AP_Producao":{"goodUsers":19,"badUsers":32,"avgRssi":-44.63250098149431},"AP_MainEvent_10":{"goodUsers":62,"badUsers":104,"avgRssi":-57.724623160667896},"AP_MainEvent_4":{"goodUsers":64,"badUsers":116,"avgRssi":-57.62769842539098},"AP_Stage2_2":{"goodUsers":5,"badUsers":48,"avgRssi":-77.08106756110178},"AP_Zona_Passagem":{"goodUsers":0,"badUsers":0,"avgRssi":0.0},"AP_Betai":{"goodUsers":0,"badUsers":0,"avgRssi":0.0},"AP_Workshop":{"goodUsers":2,"badUsers":17,"avgRssi":-64.57212619330048},"AP_MainEvent_5":{"goodUsers":11,"badUsers":37,"avgRssi":-59.63704386733061},"AP_Stage4_1":{"goodUsers":1,"badUsers":12,"avgRssi":-77.25610913404505},"AP_MainEvent_1":{"goodUsers":55,"badUsers":96,"avgRssi":-56.40144664621545},"AP_MainEvent_9":{"goodUsers":23,"badUsers":61,"avgRssi":-61.23548191160542}},"talks":{}}