{"accessPoints":{"AP_Stage2_1":{"goodUsers":1,"badUsers":23,"avgRssi":-72.40685412982951},"AP_Stage3_1":{"goodUsers":1,"badUsers":16,"avgRssi":-58.272166331321245},"AP_MainEvent_8":{"goodUsers":8,"badUsers":55,"avgRssi":-51.307047960012156},"AP_MainEvent_6":{"goodUsers":11,"badUsers":49,"avgRssi":-57.7934466260739},"AP_MainEvent_2":{"goodUsers":3,"badUsers":28,"avgRssi":-65.89572241139145},"AP_Entrada":{"goodUsers":3,"badUsers":38,"avgRssi":-70.25306782965491},"AP_Stage3_2":{"goodUsers":0,"badUsers":5,"avgRssi":-26.390845070422536},"AP_MainEvent_3":{"goodUsers":10,"badUsers":51,"avgRssi":-48.35974301039011},"AP_Esplanada":{"goodUsers":2,"badUsers":50,"avgRssi":-55.160469968767856},"AP_MainEvent_7":{"goodUsers":0,"badUsers":9,"avgRssi":-38.98063380281693},"AP_Stage4_2":{"goodUsers":0,"badUsers":0,"avgRssi":0.0},"AP_Producao":{"goodUsers":0,"badUsers":11,"avgRssi":-82.13978873239432},"AP_MainEvent_10":{"goodUsers":7,"badUsers":70,"avgRssi":-54.35955357672249},"AP_MainEvent_4":{"goodUsers":8,"badUsers":60,"avgRssi":-44.568403686526466},"AP_Stage2_2":{"goodUsers":0,"badUsers":49,"avgRssi":-75.87639036738577},"AP_Zona_Passagem":{"goodUsers":0,"badUsers":0,"avgRssi":0.0},"AP_Betai":{"goodUsers":0,"badUsers":0,"avgRssi":0.0},"AP_Workshop":{"goodUsers":0,"badUsers":13,"avgRssi":-57.197183098591495},"AP_MainEvent_5":{"goodUsers":1,"badUsers":27,"avgRssi":-42.61915689943869},"AP_Stage4_1":{"goodUsers":1,"badUsers":40,"avgRssi":-58.872636320477575},"AP_MainEvent_1":{"goodUsers":3,"badUsers":45,"avgRssi":-61.470876183003945},"AP_MainEvent_9":{"goodUsers":5,"badUsers":35,"avgRssi":-56.20614629892806}},"talks":{"Bright Pixel Stage":{"name":"Microservices Without Servers","numAtendees":257,"timeSeries":[35,35,35,48,47,47,47,66,70,68,63,57,73,84,95,95,94,94,106,100,100,100,100,100,100,100,100,100,100,100,15,18,18,18,30,29,29,29,36,39,39,59,71,66,71,80,76,75,75,75,64,78,70,70,76,73,79,82,81,81]},"Segfault Stage":{"name":"Launchpad Finals","numAtendees":60,"timeSeries":[0,0,0,0,0,0,0,0,0,0,0,0,0,0,0,0,0,0,0,0,0,0,0,0,0,0,0,0,0,0,0,0,0,0,0,0,0,0,0,0,0,0,0,0,0,0,0,0,0,0,0,0,0,0,0,0,0,0,0,0,0,0,0,0,16,16,16,16,16,15,6,6,6,6,5,5,5,5,5,5,5,6,6,6,6,6,5,5,5,5,4,4,4,4,4,7,7,8,8,8,8,8,8,8,8,8,8,8,8,8,7,7,7,7,7,7,7,7,7,7,7,7,7,9,9,9,9,9,13,13,9,9,10,11,11,11,11,11,13,13,13,13,13,13,13,13,13,13,13,13,2,6,6,6,9,9,9,9,9,8,8,10,11,10,10,14,14,14,13,13,17,22,22,22,23,21,21,21,21,21,21,21,22,25,25,25,25,25,25,25,10,10,10,10,10,10,10,10,10,10,10,11,11,11,11,11,11,12,12,12,5,5,5,5,5,5,5,5,5,5,5,5,5,5,5,5,5,5,5,5,4,4,4,4,4,4,4,4,4,4]},"Workshops":{"name":"Automated Evil Driven Development","numAtendees":52,"timeSeries":[5,5,5,8,8,8,8,11,15,14,13,11,13,18,19,19,19,19,23,23,23,23,23,23,23,23,23,23,23,23,5,6,6,6,9,9,9,9,11,9,9,12,17,16,16,17,17,17,17,17,14,18,17,17,17,17,18,19,19,19]},"Beta-i Stage":{"name":"Boost your confidence with Consumer-Driven Contracts","numAtendees":22,"timeSeries":[3,3,3,3,3,3,3,5,6,6,3,2,3,4,5,5,5,5,6,6,6,6,6,6,6,6,6,7,7,7,2,3,3,3,3,3,3,3,5,7,7,8,10,8,8,8,5,5,5,5,5,5,5,5,5,5,5,6,6,6]},"NOS Stage":{"name":"Bitcoin or \"blockchain\", What's The Difference?","numAtendees":186,"timeSeries":[38,38,38,49,47,47,47,55,59,58,36,36,43,50,48,48,48,48,55,52,52,52,52,52,52,52,53,53,53,53,12,17,17,21,26,25,25,25,39,43,43,48,51,50,53,61,58,58,58,58,47,58,55,55,63,60,66,68,67,67]}}}