{"accessPoints":{"AP_Stage2_1":{"goodUsers":0,"badUsers":8,"avgRssi":-64.35972762645912},"AP_Stage3_1":{"goodUsers":1,"badUsers":7,"avgRssi":-36.78728923476003},"AP_MainEvent_8":{"goodUsers":1,"badUsers":42,"avgRssi":-51.27267745728336},"AP_MainEvent_6":{"goodUsers":4,"badUsers":25,"avgRssi":-54.20638916070943},"AP_MainEvent_2":{"goodUsers":0,"badUsers":7,"avgRssi":-24.05136186770433},"AP_Entrada":{"goodUsers":0,"badUsers":8,"avgRssi":-55.775291828793776},"AP_Stage3_2":{"goodUsers":0,"badUsers":3,"avgRssi":-20.75875486381323},"AP_MainEvent_3":{"goodUsers":5,"badUsers":40,"avgRssi":-50.27824051904288},"AP_Esplanada":{"goodUsers":1,"badUsers":25,"avgRssi":-51.30212828675877},"AP_MainEvent_7":{"goodUsers":0,"badUsers":14,"avgRssi":-39.75684176394312},"AP_Stage4_2":{"goodUsers":0,"badUsers":0,"avgRssi":0.0},"AP_Producao":{"goodUsers":3,"badUsers":30,"avgRssi":-50.524998138253096},"AP_MainEvent_10":{"goodUsers":7,"badUsers":21,"avgRssi":-43.71065956849053},"AP_MainEvent_4":{"goodUsers":2,"badUsers":41,"avgRssi":-37.11766455459987},"AP_Stage2_2":{"goodUsers":1,"badUsers":27,"avgRssi":-68.5919233544231},"AP_Zona_Passagem":{"goodUsers":0,"badUsers":0,"avgRssi":0.0},"AP_Betai":{"goodUsers":0,"badUsers":0,"avgRssi":0.0},"AP_Workshop":{"goodUsers":0,"badUsers":7,"avgRssi":-45.91439688715958},"AP_MainEvent_5":{"goodUsers":3,"badUsers":14,"avgRssi":-42.043420133692464},"AP_Stage4_1":{"goodUsers":0,"badUsers":7,"avgRssi":-24.292088197146565},"AP_MainEvent_1":{"goodUsers":1,"badUsers":18,"avgRssi":-36.88388310781324},"AP_MainEvent_9":{"goodUsers":1,"badUsers":13,"avgRssi":-66.01599036501743}},"talks":{"Bright Pixel Stage":{"name":"3D Streaming toolkit for mobile and web applications","numAtendees":113,"timeSeries":[47,46,58,54,58,65,63,64,64,70,49,49,49,49,49,49,49,49,49,49,49,49,49,49,49,49,49,49,49,49,21,21,30,30,29,28,28,28,28,28,28,28,41,40,55,55,55,55,55,55,45,45,45,45,45,45,44,44,44,43]},"Segfault Stage":{"name":"HTTP/2 and what it means to Front-end","numAtendees":7,"timeSeries":[6,6,6,6,6,5,5,5,5,5,1,1,1,1,1,1,1,1,1,1,1,1,1,1,1,1,1,1,1,1,1,1,2,2,2,2,2,2,2,1,1,1,1,1,1,1,1,1,1,1,0,0,0,0,0,0,0,0,0,0]},"Workshops":{"name":"Gamification 101 - A guide on how to change the world with the power of gaming","numAtendees":147,"timeSeries":[42,42,45,45,49,52,53,51,53,51,37,37,40,42,44,44,49,55,56,54,60,57,57,58,55,55,56,55,55,55,36,35,35,34,38,39,38,38,42,41,41,41,41,41,41,41,47,46,46,46,28,28,28,28,28,28,28,28,28,27,27,27,33,33,36,39,38,39,39,42,30,30,30,30,30,30,30,30,30,30,30,30,30,30,30,30,30,30,30,29,11,11,15,15,15,15,15,15,14,14,14,14,19,18,22,21,21,21,21,21,19,19,19,19,18,18,18,18,20,20,20,20,21,21,21,21,21,21,21,20,13,13,13,19,17,17,17,17,17,17,17,17,17,17,17,17,17,17,17,17,4,4,4,4,4,3,3,3,3,3,3,3,3,3,3,3,3,3,3,3,3,3,3,3,3,3,5,5,9,9]},"Beta-i Stage":{"name":"Breaking FrontEnd Paradigms with Vue.js","numAtendees":11,"timeSeries":[3,3,4,3,3,4,3,3,3,5,4,4,4,5,5,5,5,5,5,5,5,5,5,5,5,5,5,5,5,5,2,2,2,2,2,2,2,2,2,2,2,2,3,3,5,5,5,5,5,5,5,5,5,5,5,5,5,5,5,5]},"NOS Stage":{"name":"Building an iOS SDK: Challenges & Solutions","numAtendees":101,"timeSeries":[37,37,45,44,49,58,56,57,56,65,46,46,46,47,45,45,45,45,44,44,44,44,43,43,43,43,43,43,43,43,15,15,27,27,26,26,26,26,26,26,26,25,33,33,45,43,43,43,43,43,31,31,31,31,30,30,30,29,29,29]}}}