{"accessPoints":{"AP_Stage2_1":{"goodUsers":4,"badUsers":23,"avgRssi":-68.53517038517028},"AP_Stage3_1":{"goodUsers":2,"badUsers":13,"avgRssi":-45.65889187440913},"AP_MainEvent_8":{"goodUsers":18,"badUsers":75,"avgRssi":-52.35777503335888},"AP_MainEvent_6":{"goodUsers":8,"badUsers":56,"avgRssi":-54.150453239992245},"AP_MainEvent_2":{"goodUsers":3,"badUsers":11,"avgRssi":-57.95133825944164},"AP_Entrada":{"goodUsers":1,"badUsers":15,"avgRssi":-59.312323481116394},"AP_Stage3_2":{"goodUsers":1,"badUsers":8,"avgRssi":-47.11775862068966},"AP_MainEvent_3":{"goodUsers":33,"badUsers":71,"avgRssi":-55.477140578981476},"AP_Esplanada":{"goodUsers":2,"badUsers":61,"avgRssi":-56.65686944689877},"AP_MainEvent_7":{"goodUsers":1,"badUsers":19,"avgRssi":-54.068580633925684},"AP_Stage4_2":{"goodUsers":0,"badUsers":0,"avgRssi":0.0},"AP_Producao":{"goodUsers":9,"badUsers":48,"avgRssi":-51.72843204587412},"AP_MainEvent_10":{"goodUsers":13,"badUsers":35,"avgRssi":-46.08974490025195},"AP_MainEvent_4":{"goodUsers":27,"badUsers":83,"avgRssi":-49.865270137068116},"AP_Stage2_2":{"goodUsers":4,"badUsers":36,"avgRssi":-64.63915244430738},"AP_Zona_Passagem":{"goodUsers":0,"badUsers":0,"avgRssi":0.0},"AP_Betai":{"goodUsers":0,"badUsers":0,"avgRssi":0.0},"AP_Workshop":{"goodUsers":2,"badUsers":10,"avgRssi":-53.383898467432964},"AP_MainEvent_5":{"goodUsers":6,"badUsers":34,"avgRssi":-43.98198423942679},"AP_Stage4_1":{"goodUsers":1,"badUsers":17,"avgRssi":-57.913549783549755},"AP_MainEvent_1":{"goodUsers":6,"badUsers":36,"avgRssi":-45.93938234686193},"AP_MainEvent_9":{"goodUsers":4,"badUsers":20,"avgRssi":-57.34096960510749}},"talks":{"Bright Pixel Stage":{"name":"G&G Matlab Projects in Galp","numAtendees":232,"timeSeries":[95,94,95,95,104,103,115,109,112,108,73,74,88,92,92,91,95,97,102,97,108,103,105,111,108,108,114,110,110,110,64,62,62,61,70,76,76,76,80,80,78,78,78,78,78,78,86,85,85,83,49,48,48,48,48,48,47,47,47,47]},"NOS Stage":{"name":"A brief and personal history of the software development process","numAtendees":196,"timeSeries":[69,69,72,72,80,77,86,84,85,80,56,56,72,79,79,78,81,85,91,86,93,89,91,96,92,92,102,98,98,96,56,55,55,55,61,68,68,67,70,69,67,67,67,67,67,67,73,71,71,70,38,38,38,38,38,38,37,37,37,37]},"Workshops":{"name":"Gamification 101 - A guide on how to change the world with the power of gaming","numAtendees":147,"timeSeries":[42,42,45,45,49,52,53,51,53,51,37,37,40,42,44,44,49,55,56,54,60,57,57,58,55,55,56,55,55,55,36,35,35,34,38,39,38,38,42,41,41,41,41,41,41,41,47,46,46,46,28,28,28,28,28,28,28,28,28,27,27,27,33,33,36,39,38,39,39,42,30,30,30,30,30,30,30,30,30,30,30,30,30,30,30,30,30,30,30,29,11,11,15,15,15,15,15,15,14,14,14,14,19,18,22,21,21,21,21,21,19,19,19,19,18,18,18,18,20,20,20,20,21,21,21,21,21,21,21,20,13,13,13,19,17,17,17,17,17,17,17,17,17,17,17,17,17,17,17,17,4,4,4,4,4,3,3,3,3,3,3,3,3,3,3,3,3,3,3,3,3,3,3,3,3,3,5,5,9,9]},"Beta-i Stage":{"name":"A Pinch of Functional on the Client's Plate","numAtendees":24,"timeSeries":[7,7,7,7,9,10,11,10,11,11,9,10,13,14,14,14,14,15,16,16,16,16,16,17,17,17,18,18,18,18,7,7,7,7,8,8,8,8,10,10,10,10,10,10,10,10,10,10,10,10,4,3,3,3,3,3,3,3,3,3]}}}