{"accessPoints":{"AP_Stage2_1":{"goodUsers":0,"badUsers":4,"avgRssi":-32.24662162162162},"AP_Stage3_1":{"goodUsers":0,"badUsers":5,"avgRssi":-13.980855855855898},"AP_MainEvent_8":{"goodUsers":0,"badUsers":21,"avgRssi":-25.51986808236805},"AP_MainEvent_6":{"goodUsers":0,"badUsers":17,"avgRssi":-22.763325825825824},"AP_MainEvent_2":{"goodUsers":0,"badUsers":7,"avgRssi":-14.97297297297297},"AP_Entrada":{"goodUsers":0,"badUsers":6,"avgRssi":-23.552927927927936},"AP_Stage3_2":{"goodUsers":0,"badUsers":3,"avgRssi":-7.111486486486487},"AP_MainEvent_3":{"goodUsers":2,"badUsers":28,"avgRssi":-21.302715399222766},"AP_Esplanada":{"goodUsers":0,"badUsers":13,"avgRssi":-24.548986486486488},"AP_MainEvent_7":{"goodUsers":0,"badUsers":7,"avgRssi":-9.842117117117105},"AP_Stage4_2":{"goodUsers":0,"badUsers":0,"avgRssi":0.0},"AP_Producao":{"goodUsers":1,"badUsers":18,"avgRssi":-19.613455500955506},"AP_MainEvent_10":{"goodUsers":3,"badUsers":16,"avgRssi":-21.430947993448},"AP_MainEvent_4":{"goodUsers":1,"badUsers":26,"avgRssi":-15.6502815315315},"AP_Stage2_2":{"goodUsers":0,"badUsers":18,"avgRssi":-30.466711029211034},"AP_Zona_Passagem":{"goodUsers":0,"badUsers":0,"avgRssi":0.0},"AP_Betai":{"goodUsers":0,"badUsers":0,"avgRssi":0.0},"AP_Workshop":{"goodUsers":0,"badUsers":3,"avgRssi":-20.888513513513512},"AP_MainEvent_5":{"goodUsers":0,"badUsers":12,"avgRssi":-21.03343522093526},"AP_Stage4_1":{"goodUsers":0,"badUsers":8,"avgRssi":-14.165540540540547},"AP_MainEvent_1":{"goodUsers":0,"badUsers":4,"avgRssi":-10.008445945945946},"AP_MainEvent_9":{"goodUsers":0,"badUsers":18,"avgRssi":-23.092209620334653}},"talks":{"Bright Pixel Stage":{"name":"Diversity Panel","numAtendees":78,"timeSeries":[43,43,47,46,46,45,45,45,45,44,21,19,18,30,29,29,29,28,28,28,27,27,27,27,26,26,26,26,26,26,6,5,5,5,5,5,5,5,5,5,5,5,5,5,5,4,4,4,4,4,4,4,4,4,4,4,9,9,19,19]},"Segfault Stage":{"name":"Progressive Web Apps","numAtendees":8,"timeSeries":[0,0,0,0,0,0,0,0,0,0,1,1,1,3,3,3,3,3,3,3,3,3,3,3,3,3,3,3,3,3,2,2,2,2,2,1,1,1,1,1,1,1,1,1,1,2,2,2,2,2,2,2,2,2,2,2,3,3,6,6]},"Workshops":{"name":"Gamification 101 - A guide on how to change the world with the power of gaming","numAtendees":147,"timeSeries":[42,42,45,45,49,52,53,51,53,51,37,37,40,42,44,44,49,55,56,54,60,57,57,58,55,55,56,55,55,55,36,35,35,34,38,39,38,38,42,41,41,41,41,41,41,41,47,46,46,46,28,28,28,28,28,28,28,28,28,27,27,27,33,33,36,39,38,39,39,42,30,30,30,30,30,30,30,30,30,30,30,30,30,30,30,30,30,30,30,29,11,11,15,15,15,15,15,15,14,14,14,14,19,18,22,21,21,21,21,21,19,19,19,19,18,18,18,18,20,20,20,20,21,21,21,21,21,21,21,20,13,13,13,19,17,17,17,17,17,17,17,17,17,17,17,17,17,17,17,17,4,4,4,4,4,3,3,3,3,3,3,3,3,3,3,3,3,3,3,3,3,3,3,3,3,3,5,5,9,9]},"Beta-i Stage":{"name":"High Availability Architecture for Legacy Stuff - a 10.000 feet overview","numAtendees":8,"timeSeries":[5,5,5,5,5,5,5,5,5,5,4,4,4,4,4,4,4,4,4,4,4,4,4,4,4,4,4,4,4,4,3,3,3,3,3,3,3,3,3,3,3,3,3,3,3,3,3,3,3,3,2,2,2,2,2,2,2,2,3,3]},"NOS Stage":{"name":"Introduction to Rust","numAtendees":56,"timeSeries":[29,28,33,33,33,33,32,32,31,31,13,13,12,20,20,20,20,19,19,19,19,19,19,19,19,19,19,19,19,19,4,4,4,4,4,3,3,3,3,3,3,3,3,3,3,4,4,4,4,4,3,3,3,3,3,3,7,7,13,13]}}}